InventoryId,StoreId,ProductId,SnapshotDate,QuantityOnHand,ReorderThreshold
I00001,S001,P013,2026-02-01,120,30
I00002,S001,P019,2026-02-01,12,5
I00003,S001,P018,2026-02-01,98,5
I00004,S001,P035,2026-02-01,22,20
I00005,S001,P021,2026-02-01,100,10
I00006,S001,P050,2026-02-01,114,25
I00007,S001,P029,2026-02-01,91,15
I00008,S001,P043,2026-02-01,85,40
I00009,S001,P008,2026-02-01,50,30
I00010,S001,P058,2026-02-01,136,5
I00011,S001,P010,2026-02-01,119,25
I00012,S001,P011,2026-02-01,33,5
I00013,S001,P051,2026-02-01,119,5
I00014,S001,P052,2026-02-01,116,15
I00015,S001,P001,2026-02-01,119,20
I00016,S001,P040,2026-02-01,59,10
I00017,S001,P036,2026-02-01,36,40
I00018,S001,P033,2026-02-01,66,15
I00019,S001,P007,2026-02-01,100,10
I00020,S001,P014,2026-02-01,84,40
I00021,S001,P057,2026-02-01,83,20
I00022,S001,P023,2026-02-01,124,5
I00023,S001,P044,2026-02-01,16,20
I00024,S001,P056,2026-02-01,28,15
I00025,S001,P048,2026-02-01,122,20
I00026,S001,P055,2026-02-01,43,15
I00027,S001,P059,2026-02-01,89,25
I00028,S001,P016,2026-02-01,32,25
I00029,S001,P049,2026-02-01,26,20
I00030,S001,P003,2026-02-01,27,15
I00031,S001,P045,2026-02-01,18,40
I00032,S001,P020,2026-02-01,77,25
I00033,S001,P032,2026-02-01,118,20
I00034,S001,P038,2026-02-01,105,10
I00035,S001,P015,2026-02-01,62,25
I00036,S001,P002,2026-02-01,40,20
I00037,S001,P005,2026-02-01,98,5
I00038,S001,P046,2026-02-01,87,10
I00039,S002,P053,2026-02-01,126,30
I00040,S002,P045,2026-02-01,15,5
I00041,S002,P038,2026-02-01,55,40
I00042,S002,P028,2026-02-01,35,25
I00043,S002,P051,2026-02-01,0,40
I00044,S002,P057,2026-02-01,37,30
I00045,S002,P037,2026-02-01,38,20
I00046,S002,P056,2026-02-01,136,15
I00047,S002,P022,2026-02-01,99,25
I00048,S002,P035,2026-02-01,114,10
I00049,S002,P059,2026-02-01,52,30
I00050,S002,P016,2026-02-01,81,15
I00051,S002,P012,2026-02-01,77,20
I00052,S002,P043,2026-02-01,88,5
I00053,S002,P047,2026-02-01,2,25
I00054,S002,P005,2026-02-01,130,20
I00055,S002,P054,2026-02-01,32,40
I00056,S002,P032,2026-02-01,75,5
I00057,S002,P008,2026-02-01,94,25
I00058,S002,P058,2026-02-01,13,5
I00059,S002,P039,2026-02-01,91,5
I00060,S002,P030,2026-02-01,72,40
I00061,S002,P021,2026-02-01,7,10
I00062,S002,P036,2026-02-01,110,30
I00063,S002,P007,2026-02-01,100,30
I00064,S002,P029,2026-02-01,81,30
I00065,S002,P048,2026-02-01,97,20
I00066,S002,P020,2026-02-01,97,20
I00067,S002,P026,2026-02-01,139,10
I00068,S002,P003,2026-02-01,44,20
I00069,S002,P033,2026-02-01,35,10
I00070,S002,P004,2026-02-01,98,40
I00071,S002,P052,2026-02-01,92,40
I00072,S002,P027,2026-02-01,106,10
I00073,S002,P040,2026-02-01,73,40
I00074,S002,P025,2026-02-01,32,10
I00075,S002,P013,2026-02-01,2,5
I00076,S002,P011,2026-02-01,4,10
I00077,S003,P047,2026-02-01,123,30
I00078,S003,P057,2026-02-01,94,5
I00079,S003,P032,2026-02-01,123,30
I00080,S003,P043,2026-02-01,20,10
I00081,S003,P028,2026-02-01,134,40
I00082,S003,P009,2026-02-01,71,20
I00083,S003,P006,2026-02-01,132,5
I00084,S003,P055,2026-02-01,133,25
I00085,S003,P042,2026-02-01,22,10
I00086,S003,P027,2026-02-01,120,30
I00087,S003,P030,2026-02-01,19,30
I00088,S003,P045,2026-02-01,138,40
I00089,S003,P039,2026-02-01,79,25
I00090,S003,P056,2026-02-01,13,15
I00091,S003,P040,2026-02-01,136,40
I00092,S003,P012,2026-02-01,2,20
I00093,S003,P050,2026-02-01,116,25
I00094,S003,P033,2026-02-01,120,25
I00095,S003,P060,2026-02-01,84,20
I00096,S003,P036,2026-02-01,90,40
I00097,S003,P029,2026-02-01,75,15
I00098,S003,P025,2026-02-01,42,5
I00099,S003,P023,2026-02-01,77,30
I00100,S003,P015,2026-02-01,66,5
I00101,S003,P049,2026-02-01,121,25
I00102,S003,P052,2026-02-01,43,25
I00103,S003,P001,2026-02-01,13,30
I00104,S003,P058,2026-02-01,74,40
I00105,S003,P016,2026-02-01,6,15
I00106,S003,P038,2026-02-01,124,5
I00107,S003,P017,2026-02-01,32,25
I00108,S003,P053,2026-02-01,19,40
I00109,S003,P014,2026-02-01,71,15
I00110,S003,P018,2026-02-01,33,25
I00111,S003,P019,2026-02-01,71,15
I00112,S003,P041,2026-02-01,65,5
I00113,S003,P002,2026-02-01,28,25
I00114,S003,P024,2026-02-01,44,25
I00115,S004,P048,2026-02-01,121,15
I00116,S004,P010,2026-02-01,121,30
I00117,S004,P043,2026-02-01,136,10
I00118,S004,P029,2026-02-01,97,30
I00119,S004,P024,2026-02-01,99,20
I00120,S004,P052,2026-02-01,67,10
I00121,S004,P012,2026-02-01,135,40
I00122,S004,P017,2026-02-01,111,5
I00123,S004,P051,2026-02-01,73,40
I00124,S004,P045,2026-02-01,114,20
I00125,S004,P016,2026-02-01,80,25
I00126,S004,P032,2026-02-01,10,5
I00127,S004,P054,2026-02-01,136,30
I00128,S004,P034,2026-02-01,90,40
I00129,S004,P003,2026-02-01,110,25
I00130,S004,P022,2026-02-01,69,15
I00131,S004,P006,2026-02-01,69,15
I00132,S004,P059,2026-02-01,25,15
I00133,S004,P039,2026-02-01,100,20
I00134,S004,P058,2026-02-01,61,30
I00135,S004,P049,2026-02-01,49,25
I00136,S004,P027,2026-02-01,86,30
I00137,S004,P025,2026-02-01,46,15
I00138,S004,P050,2026-02-01,140,5
I00139,S004,P057,2026-02-01,2,40
I00140,S004,P011,2026-02-01,17,5
I00141,S004,P014,2026-02-01,105,5
I00142,S004,P023,2026-02-01,134,5
I00143,S004,P004,2026-02-01,114,15
I00144,S004,P021,2026-02-01,56,30
I00145,S004,P009,2026-02-01,72,15
I00146,S004,P038,2026-02-01,49,5
I00147,S004,P042,2026-02-01,6,25
I00148,S004,P040,2026-02-01,23,5
I00149,S004,P002,2026-02-01,55,25
I00150,S004,P044,2026-02-01,31,30
I00151,S004,P015,2026-02-01,30,5
I00152,S004,P013,2026-02-01,33,20
I00153,S005,P043,2026-02-01,100,10
I00154,S005,P049,2026-02-01,125,5
I00155,S005,P058,2026-02-01,36,25
I00156,S005,P042,2026-02-01,110,10
I00157,S005,P037,2026-02-01,27,20
I00158,S005,P052,2026-02-01,66,5
I00159,S005,P012,2026-02-01,8,5
I00160,S005,P008,2026-02-01,18,25
I00161,S005,P045,2026-02-01,64,40
I00162,S005,P054,2026-02-01,114,5
I00163,S005,P017,2026-02-01,127,10
I00164,S005,P019,2026-02-01,0,5
I00165,S005,P030,2026-02-01,99,15
I00166,S005,P060,2026-02-01,38,30
I00167,S005,P005,2026-02-01,84,20
I00168,S005,P041,2026-02-01,0,25
I00169,S005,P048,2026-02-01,125,20
I00170,S005,P018,2026-02-01,111,20
I00171,S005,P028,2026-02-01,17,25
I00172,S005,P021,2026-02-01,57,5
I00173,S005,P050,2026-02-01,98,30
I00174,S005,P011,2026-02-01,123,5
I00175,S005,P046,2026-02-01,137,15
I00176,S005,P047,2026-02-01,85,30
I00177,S005,P004,2026-02-01,77,20
I00178,S005,P025,2026-02-01,14,30
I00179,S005,P035,2026-02-01,23,15
I00180,S005,P022,2026-02-01,136,40
I00181,S005,P036,2026-02-01,87,5
I00182,S005,P009,2026-02-01,117,40
I00183,S005,P027,2026-02-01,74,30
I00184,S005,P031,2026-02-01,51,10
I00185,S005,P006,2026-02-01,10,20
I00186,S005,P015,2026-02-01,48,15
I00187,S005,P003,2026-02-01,99,5
I00188,S005,P016,2026-02-01,91,20
I00189,S005,P007,2026-02-01,21,30
I00190,S005,P020,2026-02-01,112,30
I00191,S006,P013,2026-02-01,4,20
I00192,S006,P009,2026-02-01,11,10
I00193,S006,P003,2026-02-01,33,5
I00194,S006,P060,2026-02-01,44,30
I00195,S006,P002,2026-02-01,12,15
I00196,S006,P047,2026-02-01,24,20
I00197,S006,P038,2026-02-01,43,40
I00198,S006,P016,2026-02-01,16,40
I00199,S006,P032,2026-02-01,27,5
I00200,S006,P025,2026-02-01,127,25
I00201,S006,P005,2026-02-01,56,5
I00202,S006,P035,2026-02-01,51,20
I00203,S006,P042,2026-02-01,86,40
I00204,S006,P020,2026-02-01,102,15
I00205,S006,P052,2026-02-01,30,30
I00206,S006,P049,2026-02-01,139,10
I00207,S006,P029,2026-02-01,82,40
I00208,S006,P056,2026-02-01,54,40
I00209,S006,P058,2026-02-01,11,25
I00210,S006,P022,2026-02-01,44,15
I00211,S006,P004,2026-02-01,16,5
I00212,S006,P041,2026-02-01,70,10
I00213,S006,P048,2026-02-01,106,10
I00214,S006,P026,2026-02-01,94,25
I00215,S006,P008,2026-02-01,42,20
I00216,S006,P014,2026-02-01,62,25
I00217,S006,P034,2026-02-01,10,10
I00218,S006,P030,2026-02-01,25,40
I00219,S006,P010,2026-02-01,96,40
I00220,S006,P024,2026-02-01,40,5
I00221,S006,P019,2026-02-01,124,5
I00222,S006,P036,2026-02-01,1,5
I00223,S006,P054,2026-02-01,45,5
I00224,S006,P043,2026-02-01,72,20
I00225,S006,P031,2026-02-01,121,30
I00226,S006,P050,2026-02-01,32,10
I00227,S006,P053,2026-02-01,36,30
I00228,S006,P021,2026-02-01,69,25
I00229,S007,P029,2026-02-01,121,20
I00230,S007,P027,2026-02-01,45,10
I00231,S007,P016,2026-02-01,11,5
I00232,S007,P012,2026-02-01,93,15
I00233,S007,P040,2026-02-01,53,20
I00234,S007,P045,2026-02-01,64,15
I00235,S007,P003,2026-02-01,116,5
I00236,S007,P039,2026-02-01,26,30
I00237,S007,P057,2026-02-01,13,25
I00238,S007,P046,2026-02-01,45,10
I00239,S007,P032,2026-02-01,7,20
I00240,S007,P056,2026-02-01,131,5
I00241,S007,P006,2026-02-01,18,10
I00242,S007,P041,2026-02-01,113,25
I00243,S007,P020,2026-02-01,83,20
I00244,S007,P023,2026-02-01,50,30
I00245,S007,P059,2026-02-01,83,10
I00246,S007,P001,2026-02-01,28,15
I00247,S007,P036,2026-02-01,58,5
I00248,S007,P058,2026-02-01,60,30
I00249,S007,P013,2026-02-01,105,40
I00250,S007,P008,2026-02-01,51,20
I00251,S007,P034,2026-02-01,56,5
I00252,S007,P007,2026-02-01,120,25
I00253,S007,P024,2026-02-01,124,5
I00254,S007,P035,2026-02-01,111,10
I00255,S007,P033,2026-02-01,55,25
I00256,S007,P015,2026-02-01,116,10
I00257,S007,P030,2026-02-01,99,15
I00258,S007,P025,2026-02-01,34,20
I00259,S007,P021,2026-02-01,49,30
I00260,S007,P022,2026-02-01,91,15
I00261,S007,P037,2026-02-01,51,15
I00262,S007,P009,2026-02-01,32,5
I00263,S007,P002,2026-02-01,15,15
I00264,S007,P028,2026-02-01,34,5
I00265,S007,P004,2026-02-01,119,20
I00266,S007,P005,2026-02-01,107,10
I00267,S008,P049,2026-02-01,10,20
I00268,S008,P022,2026-02-01,129,5
I00269,S008,P015,2026-02-01,108,25
I00270,S008,P057,2026-02-01,100,20
I00271,S008,P019,2026-02-01,25,20
I00272,S008,P039,2026-02-01,126,10
I00273,S008,P011,2026-02-01,21,25
I00274,S008,P051,2026-02-01,3,30
I00275,S008,P053,2026-02-01,104,10
I00276,S008,P041,2026-02-01,33,15
I00277,S008,P040,2026-02-01,75,10
I00278,S008,P054,2026-02-01,23,5
I00279,S008,P037,2026-02-01,122,30
I00280,S008,P036,2026-02-01,78,10
I00281,S008,P058,2026-02-01,117,40
I00282,S008,P006,2026-02-01,6,20
I00283,S008,P027,2026-02-01,118,40
I00284,S008,P034,2026-02-01,35,40
I00285,S008,P032,2026-02-01,103,10
I00286,S008,P014,2026-02-01,94,30
I00287,S008,P038,2026-02-01,118,30
I00288,S008,P031,2026-02-01,0,40
I00289,S008,P030,2026-02-01,18,20
I00290,S008,P018,2026-02-01,85,25
I00291,S008,P001,2026-02-01,8,15
I00292,S008,P028,2026-02-01,109,40
I00293,S008,P016,2026-02-01,69,30
I00294,S008,P043,2026-02-01,138,25
I00295,S008,P021,2026-02-01,53,40
I00296,S008,P052,2026-02-01,20,25
I00297,S008,P056,2026-02-01,85,30
I00298,S008,P008,2026-02-01,14,25
I00299,S008,P050,2026-02-01,93,5
I00300,S008,P005,2026-02-01,28,20
I00301,S008,P035,2026-02-01,93,20
I00302,S008,P047,2026-02-01,10,15
I00303,S008,P055,2026-02-01,93,10
I00304,S008,P002,2026-02-01,17,25
I00305,S009,P046,2026-02-01,94,40
I00306,S009,P050,2026-02-01,16,10
I00307,S009,P014,2026-02-01,117,5
I00308,S009,P009,2026-02-01,20,20
I00309,S009,P022,2026-02-01,45,15
I00310,S009,P016,2026-02-01,19,5
I00311,S009,P035,2026-02-01,42,15
I00312,S009,P008,2026-02-01,28,30
I00313,S009,P042,2026-02-01,37,20
I00314,S009,P031,2026-02-01,38,40
I00315,S009,P048,2026-02-01,52,25
I00316,S009,P049,2026-02-01,5,15
I00317,S009,P038,2026-02-01,106,30
I00318,S009,P045,2026-02-01,138,10
I00319,S009,P058,2026-02-01,121,15
I00320,S009,P015,2026-02-01,107,20
I00321,S009,P021,2026-02-01,5,15
I00322,S009,P023,2026-02-01,48,5
I00323,S009,P018,2026-02-01,5,40
I00324,S009,P033,2026-02-01,59,40
I00325,S009,P028,2026-02-01,133,30
I00326,S009,P052,2026-02-01,85,20
I00327,S009,P004,2026-02-01,87,30
I00328,S009,P005,2026-02-01,83,20
I00329,S009,P024,2026-02-01,135,40
I00330,S009,P043,2026-02-01,140,20
I00331,S009,P029,2026-02-01,117,15
I00332,S009,P032,2026-02-01,33,40
I00333,S009,P053,2026-02-01,78,10
I00334,S009,P055,2026-02-01,66,10
I00335,S009,P054,2026-02-01,123,15
I00336,S009,P039,2026-02-01,73,40
I00337,S009,P056,2026-02-01,12,10
I00338,S009,P027,2026-02-01,90,15
I00339,S009,P034,2026-02-01,116,10
I00340,S009,P010,2026-02-01,41,30
I00341,S009,P047,2026-02-01,137,15
I00342,S009,P020,2026-02-01,46,10
I00343,S010,P054,2026-02-01,1,30
I00344,S010,P046,2026-02-01,139,25
I00345,S010,P045,2026-02-01,84,30
I00346,S010,P043,2026-02-01,75,20
I00347,S010,P051,2026-02-01,74,40
I00348,S010,P010,2026-02-01,37,40
I00349,S010,P011,2026-02-01,113,15
I00350,S010,P016,2026-02-01,28,30
I00351,S010,P008,2026-02-01,122,5
I00352,S010,P003,2026-02-01,35,30
I00353,S010,P021,2026-02-01,29,15
I00354,S010,P037,2026-02-01,6,20
I00355,S010,P009,2026-02-01,56,20
I00356,S010,P029,2026-02-01,91,5
I00357,S010,P017,2026-02-01,83,5
I00358,S010,P024,2026-02-01,49,25
I00359,S010,P012,2026-02-01,134,10
I00360,S010,P014,2026-02-01,71,10
I00361,S010,P036,2026-02-01,5,5
I00362,S010,P056,2026-02-01,137,40
I00363,S010,P050,2026-02-01,114,30
I00364,S010,P023,2026-02-01,22,25
I00365,S010,P055,2026-02-01,100,10
I00366,S010,P058,2026-02-01,125,15
I00367,S010,P047,2026-02-01,130,5
I00368,S010,P035,2026-02-01,92,20
I00369,S010,P060,2026-02-01,37,30
I00370,S010,P020,2026-02-01,109,15
I00371,S010,P052,2026-02-01,98,15
I00372,S010,P030,2026-02-01,3,15
I00373,S010,P001,2026-02-01,88,15
I00374,S010,P013,2026-02-01,78,20
I00375,S010,P053,2026-02-01,22,10
I00376,S010,P025,2026-02-01,113,30
I00377,S010,P005,2026-02-01,106,40
I00378,S010,P015,2026-02-01,113,15
I00379,S010,P034,2026-02-01,41,40
I00380,S010,P026,2026-02-01,108,30
I00381,S011,P058,2026-02-01,118,10
I00382,S011,P027,2026-02-01,6,40
I00383,S011,P009,2026-02-01,0,10
I00384,S011,P054,2026-02-01,67,15
I00385,S011,P038,2026-02-01,120,5
I00386,S011,P039,2026-02-01,73,20
I00387,S011,P006,2026-02-01,45,20
I00388,S011,P010,2026-02-01,62,5
I00389,S011,P014,2026-02-01,30,40
I00390,S011,P020,2026-02-01,70,20
I00391,S011,P031,2026-02-01,17,25
I00392,S011,P034,2026-02-01,92,25
I00393,S011,P022,2026-02-01,123,25
I00394,S011,P005,2026-02-01,111,40
I00395,S011,P056,2026-02-01,66,30
I00396,S011,P025,2026-02-01,121,30
I00397,S011,P057,2026-02-01,30,15
I00398,S011,P001,2026-02-01,131,30
I00399,S011,P059,2026-02-01,4,40
I00400,S011,P041,2026-02-01,66,10
I00401,S011,P018,2026-02-01,14,10
I00402,S011,P042,2026-02-01,81,20
I00403,S011,P012,2026-02-01,34,15
I00404,S011,P036,2026-02-01,41,5
I00405,S011,P030,2026-02-01,69,15
I00406,S011,P060,2026-02-01,107,30
I00407,S011,P013,2026-02-01,91,5
I00408,S011,P046,2026-02-01,74,15
I00409,S011,P045,2026-02-01,135,30
I00410,S011,P053,2026-02-01,19,25
I00411,S011,P040,2026-02-01,49,40
I00412,S011,P016,2026-02-01,46,40
I00413,S011,P002,2026-02-01,24,25
I00414,S011,P055,2026-02-01,42,25
I00415,S011,P050,2026-02-01,82,40
I00416,S011,P019,2026-02-01,80,40
I00417,S011,P026,2026-02-01,77,15
I00418,S011,P029,2026-02-01,92,5
I00419,S012,P035,2026-02-01,35,40
I00420,S012,P038,2026-02-01,113,25
I00421,S012,P023,2026-02-01,133,40
I00422,S012,P053,2026-02-01,87,10
I00423,S012,P010,2026-02-01,77,5
I00424,S012,P001,2026-02-01,30,10
I00425,S012,P009,2026-02-01,32,40
I00426,S012,P034,2026-02-01,36,30
I00427,S012,P019,2026-02-01,58,15
I00428,S012,P024,2026-02-01,32,10
I00429,S012,P050,2026-02-01,33,5
I00430,S012,P032,2026-02-01,108,30
I00431,S012,P027,2026-02-01,28,5
I00432,S012,P022,2026-02-01,4,40
I00433,S012,P011,2026-02-01,123,40
I00434,S012,P007,2026-02-01,110,5
I00435,S012,P014,2026-02-01,50,5
I00436,S012,P056,2026-02-01,8,40
I00437,S012,P033,2026-02-01,131,25
I00438,S012,P015,2026-02-01,15,20
I00439,S012,P013,2026-02-01,30,15
I00440,S012,P036,2026-02-01,11,5
I00441,S012,P057,2026-02-01,77,30
I00442,S012,P060,2026-02-01,2,40
I00443,S012,P039,2026-02-01,24,40
I00444,S012,P008,2026-02-01,31,25
I00445,S012,P048,2026-02-01,52,25
I00446,S012,P030,2026-02-01,51,10
I00447,S012,P005,2026-02-01,89,5
I00448,S012,P004,2026-02-01,23,10
I00449,S012,P059,2026-02-01,71,25
I00450,S012,P049,2026-02-01,89,15
I00451,S012,P055,2026-02-01,41,40
I00452,S012,P016,2026-02-01,128,40
I00453,S012,P012,2026-02-01,61,25
I00454,S012,P043,2026-02-01,17,5
I00455,S012,P058,2026-02-01,3,25
I00456,S012,P026,2026-02-01,55,30
I00457,S001,P013,2026-03-01,10,5
I00458,S001,P019,2026-03-01,83,20
I00459,S001,P011,2026-03-01,29,20
I00460,S001,P049,2026-03-01,72,20
I00461,S001,P035,2026-03-01,79,30
I00462,S001,P001,2026-03-01,113,10
I00463,S001,P047,2026-03-01,104,15
I00464,S001,P007,2026-03-01,109,10
I00465,S001,P014,2026-03-01,17,40
I00466,S001,P033,2026-03-01,121,30
I00467,S001,P046,2026-03-01,94,10
I00468,S001,P031,2026-03-01,3,30
I00469,S001,P024,2026-03-01,125,30
I00470,S001,P045,2026-03-01,26,20
I00471,S001,P038,2026-03-01,112,25
I00472,S001,P012,2026-03-01,21,5
I00473,S001,P029,2026-03-01,36,20
I00474,S001,P053,2026-03-01,102,30
I00475,S001,P054,2026-03-01,26,30
I00476,S001,P023,2026-03-01,43,5
I00477,S001,P025,2026-03-01,93,10
I00478,S001,P028,2026-03-01,86,10
I00479,S001,P052,2026-03-01,103,5
I00480,S001,P051,2026-03-01,59,40
I00481,S001,P015,2026-03-01,108,30
I00482,S001,P027,2026-03-01,127,15
I00483,S001,P008,2026-03-01,69,40
I00484,S001,P021,2026-03-01,102,15
I00485,S001,P034,2026-03-01,121,30
I00486,S001,P036,2026-03-01,103,20
I00487,S001,P004,2026-03-01,130,15
I00488,S001,P017,2026-03-01,37,40
I00489,S001,P005,2026-03-01,116,5
I00490,S001,P016,2026-03-01,31,15
I00491,S001,P040,2026-03-01,125,20
I00492,S001,P042,2026-03-01,59,30
I00493,S001,P041,2026-03-01,34,5
I00494,S001,P010,2026-03-01,25,30
I00495,S002,P004,2026-03-01,113,20
I00496,S002,P054,2026-03-01,9,5
I00497,S002,P005,2026-03-01,45,25
I00498,S002,P032,2026-03-01,77,30
I00499,S002,P044,2026-03-01,42,20
I00500,S002,P002,2026-03-01,110,10
I00501,S002,P012,2026-03-01,79,30
I00502,S002,P025,2026-03-01,99,20
I00503,S002,P039,2026-03-01,28,25
I00504,S002,P056,2026-03-01,125,30
I00505,S002,P021,2026-03-01,138,25
I00506,S002,P010,2026-03-01,120,20
I00507,S002,P020,2026-03-01,40,25
I00508,S002,P040,2026-03-01,14,20
I00509,S002,P047,2026-03-01,67,20
I00510,S002,P007,2026-03-01,96,25
I00511,S002,P058,2026-03-01,90,40
I00512,S002,P043,2026-03-01,72,15
I00513,S002,P034,2026-03-01,15,5
I00514,S002,P057,2026-03-01,11,10
I00515,S002,P030,2026-03-01,93,15
I00516,S002,P013,2026-03-01,6,40
I00517,S002,P019,2026-03-01,87,20
I00518,S002,P041,2026-03-01,24,20
I00519,S002,P037,2026-03-01,88,15
I00520,S002,P033,2026-03-01,105,15
I00521,S002,P017,2026-03-01,14,30
I00522,S002,P022,2026-03-01,62,10
I00523,S002,P055,2026-03-01,60,30
I00524,S002,P031,2026-03-01,79,25
I00525,S002,P053,2026-03-01,21,30
I00526,S002,P036,2026-03-01,16,40
I00527,S002,P014,2026-03-01,78,5
I00528,S002,P060,2026-03-01,86,10
I00529,S002,P052,2026-03-01,5,25
I00530,S002,P015,2026-03-01,83,5
I00531,S002,P011,2026-03-01,117,30
I00532,S002,P026,2026-03-01,108,25
I00533,S003,P033,2026-03-01,12,15
I00534,S003,P058,2026-03-01,102,40
I00535,S003,P027,2026-03-01,57,25
I00536,S003,P018,2026-03-01,23,30
I00537,S003,P002,2026-03-01,24,25
I00538,S003,P045,2026-03-01,86,15
I00539,S003,P031,2026-03-01,17,25
I00540,S003,P038,2026-03-01,135,20
I00541,S003,P056,2026-03-01,109,10
I00542,S003,P021,2026-03-01,88,40
I00543,S003,P025,2026-03-01,19,30
I00544,S003,P037,2026-03-01,77,25
I00545,S003,P050,2026-03-01,76,20
I00546,S003,P051,2026-03-01,138,15
I00547,S003,P049,2026-03-01,51,20
I00548,S003,P007,2026-03-01,102,15
I00549,S003,P032,2026-03-01,131,20
I00550,S003,P055,2026-03-01,140,10
I00551,S003,P014,2026-03-01,4,30
I00552,S003,P022,2026-03-01,132,40
I00553,S003,P044,2026-03-01,47,25
I00554,S003,P060,2026-03-01,127,10
I00555,S003,P041,2026-03-01,119,15
I00556,S003,P011,2026-03-01,136,40
I00557,S003,P020,2026-03-01,111,25
I00558,S003,P024,2026-03-01,15,25
I00559,S003,P028,2026-03-01,51,15
I00560,S003,P013,2026-03-01,118,10
I00561,S003,P040,2026-03-01,61,10
I00562,S003,P047,2026-03-01,76,40
I00563,S003,P034,2026-03-01,111,20
I00564,S003,P026,2026-03-01,81,40
I00565,S003,P003,2026-03-01,16,30
I00566,S003,P059,2026-03-01,52,40
I00567,S003,P057,2026-03-01,105,15
I00568,S003,P043,2026-03-01,73,30
I00569,S003,P010,2026-03-01,41,15
I00570,S003,P009,2026-03-01,60,20
I00571,S004,P016,2026-03-01,23,20
I00572,S004,P008,2026-03-01,35,10
I00573,S004,P010,2026-03-01,28,25
I00574,S004,P013,2026-03-01,128,5
I00575,S004,P002,2026-03-01,133,30
I00576,S004,P060,2026-03-01,134,15
I00577,S004,P052,2026-03-01,127,5
I00578,S004,P053,2026-03-01,60,25
I00579,S004,P020,2026-03-01,31,40
I00580,S004,P030,2026-03-01,80,15
I00581,S004,P032,2026-03-01,99,40
I00582,S004,P036,2026-03-01,60,20
I00583,S004,P028,2026-03-01,55,10
I00584,S004,P048,2026-03-01,27,10
I00585,S004,P042,2026-03-01,54,15
I00586,S004,P003,2026-03-01,112,20
I00587,S004,P057,2026-03-01,65,40
I00588,S004,P011,2026-03-01,14,20
I00589,S004,P018,2026-03-01,136,15
I00590,S004,P009,2026-03-01,28,15
I00591,S004,P056,2026-03-01,139,20
I00592,S004,P017,2026-03-01,121,30
I00593,S004,P046,2026-03-01,63,15
I00594,S004,P049,2026-03-01,37,15
I00595,S004,P012,2026-03-01,121,30
I00596,S004,P045,2026-03-01,94,40
I00597,S004,P050,2026-03-01,78,5
I00598,S004,P040,2026-03-01,8,40
I00599,S004,P004,2026-03-01,13,30
I00600,S004,P047,2026-03-01,61,15
I00601,S004,P029,2026-03-01,98,15
I00602,S004,P035,2026-03-01,92,40
I00603,S004,P043,2026-03-01,31,25
I00604,S004,P054,2026-03-01,60,40
I00605,S004,P058,2026-03-01,113,20
I00606,S004,P051,2026-03-01,2,20
I00607,S004,P014,2026-03-01,65,15
I00608,S004,P037,2026-03-01,23,40
I00609,S005,P049,2026-03-01,34,5
I00610,S005,P016,2026-03-01,102,10
I00611,S005,P020,2026-03-01,78,15
I00612,S005,P014,2026-03-01,21,5
I00613,S005,P056,2026-03-01,40,10
I00614,S005,P011,2026-03-01,132,30
I00615,S005,P029,2026-03-01,33,40
I00616,S005,P041,2026-03-01,105,40
I00617,S005,P021,2026-03-01,81,20
I00618,S005,P050,2026-03-01,122,40
I00619,S005,P042,2026-03-01,34,15
I00620,S005,P027,2026-03-01,44,30
I00621,S005,P003,2026-03-01,83,40
I00622,S005,P018,2026-03-01,72,10
I00623,S005,P006,2026-03-01,21,20
I00624,S005,P032,2026-03-01,94,10
I00625,S005,P031,2026-03-01,100,20
I00626,S005,P060,2026-03-01,57,5
I00627,S005,P022,2026-03-01,5,25
I00628,S005,P028,2026-03-01,58,5
I00629,S005,P007,2026-03-01,118,10
I00630,S005,P055,2026-03-01,67,30
I00631,S005,P017,2026-03-01,43,5
I00632,S005,P033,2026-03-01,102,25
I00633,S005,P005,2026-03-01,109,25
I00634,S005,P023,2026-03-01,66,10
I00635,S005,P043,2026-03-01,22,15
I00636,S005,P052,2026-03-01,43,25
I00637,S005,P030,2026-03-01,30,5
I00638,S005,P035,2026-03-01,134,20
I00639,S005,P001,2026-03-01,116,40
I00640,S005,P025,2026-03-01,126,5
I00641,S005,P002,2026-03-01,57,30
I00642,S005,P037,2026-03-01,52,10
I00643,S005,P034,2026-03-01,68,15
I00644,S005,P046,2026-03-01,126,20
I00645,S005,P026,2026-03-01,33,20
I00646,S005,P015,2026-03-01,52,25
I00647,S006,P014,2026-03-01,13,15
I00648,S006,P053,2026-03-01,60,20
I00649,S006,P019,2026-03-01,90,25
I00650,S006,P047,2026-03-01,11,5
I00651,S006,P044,2026-03-01,64,25
I00652,S006,P013,2026-03-01,97,15
I00653,S006,P027,2026-03-01,101,30
I00654,S006,P012,2026-03-01,94,10
I00655,S006,P054,2026-03-01,10,25
I00656,S006,P051,2026-03-01,45,15
I00657,S006,P010,2026-03-01,43,25
I00658,S006,P002,2026-03-01,126,15
I00659,S006,P058,2026-03-01,119,10
I00660,S006,P017,2026-03-01,22,15
I00661,S006,P016,2026-03-01,135,20
I00662,S006,P040,2026-03-01,36,15
I00663,S006,P029,2026-03-01,29,15
I00664,S006,P046,2026-03-01,11,10
I00665,S006,P024,2026-03-01,127,40
I00666,S006,P038,2026-03-01,71,30
I00667,S006,P030,2026-03-01,92,20
I00668,S006,P006,2026-03-01,72,15
I00669,S006,P001,2026-03-01,67,25
I00670,S006,P031,2026-03-01,80,20
I00671,S006,P009,2026-03-01,42,15
I00672,S006,P021,2026-03-01,125,40
I00673,S006,P026,2026-03-01,38,25
I00674,S006,P060,2026-03-01,112,5
I00675,S006,P025,2026-03-01,48,10
I00676,S006,P023,2026-03-01,13,10
I00677,S006,P033,2026-03-01,46,5
I00678,S006,P042,2026-03-01,120,15
I00679,S006,P020,2026-03-01,41,30
I00680,S006,P036,2026-03-01,119,20
I00681,S006,P003,2026-03-01,29,20
I00682,S006,P004,2026-03-01,10,20
I00683,S006,P018,2026-03-01,91,30
I00684,S006,P049,2026-03-01,124,20
I00685,S007,P032,2026-03-01,27,40
I00686,S007,P008,2026-03-01,82,10
I00687,S007,P055,2026-03-01,7,5
I00688,S007,P047,2026-03-01,117,40
I00689,S007,P056,2026-03-01,122,20
I00690,S007,P010,2026-03-01,68,25
I00691,S007,P059,2026-03-01,1,15
I00692,S007,P023,2026-03-01,11,30
I00693,S007,P006,2026-03-01,115,15
I00694,S007,P014,2026-03-01,33,10
I00695,S007,P019,2026-03-01,12,40
I00696,S007,P012,2026-03-01,72,15
I00697,S007,P011,2026-03-01,14,30
I00698,S007,P033,2026-03-01,18,25
I00699,S007,P018,2026-03-01,97,5
I00700,S007,P037,2026-03-01,102,15
I00701,S007,P043,2026-03-01,45,10
I00702,S007,P038,2026-03-01,102,5
I00703,S007,P051,2026-03-01,5,40
I00704,S007,P044,2026-03-01,53,10
I00705,S007,P001,2026-03-01,99,40
I00706,S007,P034,2026-03-01,103,15
I00707,S007,P045,2026-03-01,39,5
I00708,S007,P049,2026-03-01,76,20
I00709,S007,P027,2026-03-01,110,30
I00710,S007,P005,2026-03-01,79,30
I00711,S007,P016,2026-03-01,33,15
I00712,S007,P060,2026-03-01,24,40
I00713,S007,P007,2026-03-01,94,25
I00714,S007,P029,2026-03-01,51,20
I00715,S007,P048,2026-03-01,114,20
I00716,S007,P040,2026-03-01,121,15
I00717,S007,P058,2026-03-01,108,5
I00718,S007,P022,2026-03-01,108,40
I00719,S007,P036,2026-03-01,94,25
I00720,S007,P004,2026-03-01,47,20
I00721,S007,P013,2026-03-01,109,5
I00722,S007,P041,2026-03-01,10,25
I00723,S008,P022,2026-03-01,64,15
I00724,S008,P030,2026-03-01,65,25
I00725,S008,P044,2026-03-01,20,40
I00726,S008,P015,2026-03-01,128,5
I00727,S008,P042,2026-03-01,29,30
I00728,S008,P058,2026-03-01,118,10
I00729,S008,P046,2026-03-01,46,40
I00730,S008,P010,2026-03-01,100,5
I00731,S008,P032,2026-03-01,21,20
I00732,S008,P034,2026-03-01,76,15
I00733,S008,P041,2026-03-01,116,40
I00734,S008,P056,2026-03-01,115,25
I00735,S008,P051,2026-03-01,67,15
I00736,S008,P006,2026-03-01,47,10
I00737,S008,P019,2026-03-01,47,5
I00738,S008,P059,2026-03-01,66,40
I00739,S008,P028,2026-03-01,27,20
I00740,S008,P047,2026-03-01,136,5
I00741,S008,P031,2026-03-01,1,20
I00742,S008,P020,2026-03-01,29,5
I00743,S008,P053,2026-03-01,43,30
I00744,S008,P009,2026-03-01,122,20
I00745,S008,P050,2026-03-01,103,40
I00746,S008,P016,2026-03-01,124,15
I00747,S008,P048,2026-03-01,92,30
I00748,S008,P055,2026-03-01,101,40
I00749,S008,P054,2026-03-01,77,5
I00750,S008,P004,2026-03-01,32,10
I00751,S008,P005,2026-03-01,3,10
I00752,S008,P045,2026-03-01,28,40
I00753,S008,P002,2026-03-01,4,30
I00754,S008,P017,2026-03-01,48,40
I00755,S008,P033,2026-03-01,6,10
I00756,S008,P029,2026-03-01,123,30
I00757,S008,P014,2026-03-01,37,30
I00758,S008,P026,2026-03-01,61,20
I00759,S008,P035,2026-03-01,137,10
I00760,S008,P057,2026-03-01,22,15
I00761,S009,P050,2026-03-01,124,25
I00762,S009,P030,2026-03-01,124,10
I00763,S009,P010,2026-03-01,15,25
I00764,S009,P031,2026-03-01,4,20
I00765,S009,P028,2026-03-01,80,25
I00766,S009,P002,2026-03-01,16,15
I00767,S009,P008,2026-03-01,106,20
I00768,S009,P011,2026-03-01,29,20
I00769,S009,P058,2026-03-01,88,20
I00770,S009,P048,2026-03-01,111,5
I00771,S009,P045,2026-03-01,41,15
I00772,S009,P029,2026-03-01,49,20
I00773,S009,P032,2026-03-01,88,20
I00774,S009,P057,2026-03-01,59,25
I00775,S009,P055,2026-03-01,56,25
I00776,S009,P049,2026-03-01,86,25
I00777,S009,P038,2026-03-01,119,10
I00778,S009,P016,2026-03-01,75,30
I00779,S009,P013,2026-03-01,99,20
I00780,S009,P019,2026-03-01,92,40
I00781,S009,P037,2026-03-01,120,40
I00782,S009,P026,2026-03-01,41,25
I00783,S009,P004,2026-03-01,53,15
I00784,S009,P022,2026-03-01,22,30
I00785,S009,P001,2026-03-01,123,10
I00786,S009,P007,2026-03-01,44,10
I00787,S009,P056,2026-03-01,40,25
I00788,S009,P027,2026-03-01,125,5
I00789,S009,P051,2026-03-01,106,20
I00790,S009,P024,2026-03-01,77,10
I00791,S009,P041,2026-03-01,53,25
I00792,S009,P020,2026-03-01,12,5
I00793,S009,P047,2026-03-01,91,15
I00794,S009,P018,2026-03-01,91,30
I00795,S009,P052,2026-03-01,40,10
I00796,S009,P046,2026-03-01,128,5
I00797,S009,P043,2026-03-01,16,15
I00798,S009,P042,2026-03-01,110,5
I00799,S010,P040,2026-03-01,113,40
I00800,S010,P015,2026-03-01,129,20
I00801,S010,P008,2026-03-01,25,10
I00802,S010,P036,2026-03-01,93,15
I00803,S010,P059,2026-03-01,35,5
I00804,S010,P032,2026-03-01,51,20
I00805,S010,P017,2026-03-01,106,40
I00806,S010,P022,2026-03-01,1,10
I00807,S010,P051,2026-03-01,121,15
I00808,S010,P023,2026-03-01,73,25
I00809,S010,P050,2026-03-01,43,5
I00810,S010,P003,2026-03-01,68,15
I00811,S010,P057,2026-03-01,106,15
I00812,S010,P018,2026-03-01,62,10
I00813,S010,P010,2026-03-01,135,20
I00814,S010,P045,2026-03-01,58,10
I00815,S010,P033,2026-03-01,109,20
I00816,S010,P039,2026-03-01,104,20
I00817,S010,P007,2026-03-01,132,40
I00818,S010,P004,2026-03-01,92,5
I00819,S010,P029,2026-03-01,113,10
I00820,S010,P030,2026-03-01,2,30
I00821,S010,P058,2026-03-01,132,5
I00822,S010,P042,2026-03-01,21,15
I00823,S010,P037,2026-03-01,80,20
I00824,S010,P049,2026-03-01,42,20
I00825,S010,P044,2026-03-01,15,20
I00826,S010,P048,2026-03-01,9,30
I00827,S010,P011,2026-03-01,38,25
I00828,S010,P021,2026-03-01,14,30
I00829,S010,P041,2026-03-01,133,15
I00830,S010,P028,2026-03-01,107,20
I00831,S010,P034,2026-03-01,77,30
I00832,S010,P012,2026-03-01,80,15
I00833,S010,P006,2026-03-01,2,40
I00834,S010,P024,2026-03-01,71,25
I00835,S010,P046,2026-03-01,37,30
I00836,S010,P052,2026-03-01,103,20
I00837,S011,P042,2026-03-01,61,40
I00838,S011,P014,2026-03-01,77,30
I00839,S011,P057,2026-03-01,108,25
I00840,S011,P035,2026-03-01,28,30
I00841,S011,P040,2026-03-01,15,40
I00842,S011,P051,2026-03-01,95,15
I00843,S011,P056,2026-03-01,129,15
I00844,S011,P060,2026-03-01,31,5
I00845,S011,P029,2026-03-01,31,20
I00846,S011,P045,2026-03-01,76,25
I00847,S011,P023,2026-03-01,1,20
I00848,S011,P053,2026-03-01,86,10
I00849,S011,P026,2026-03-01,136,40
I00850,S011,P013,2026-03-01,59,15
I00851,S011,P020,2026-03-01,76,15
I00852,S011,P006,2026-03-01,35,30
I00853,S011,P003,2026-03-01,96,25
I00854,S011,P058,2026-03-01,63,5
I00855,S011,P022,2026-03-01,83,25
I00856,S011,P025,2026-03-01,49,40
I00857,S011,P009,2026-03-01,92,20
I00858,S011,P034,2026-03-01,25,10
I00859,S011,P043,2026-03-01,108,40
I00860,S011,P019,2026-03-01,105,5
I00861,S011,P059,2026-03-01,23,5
I00862,S011,P055,2026-03-01,108,10
I00863,S011,P033,2026-03-01,121,10
I00864,S011,P046,2026-03-01,114,5
I00865,S011,P049,2026-03-01,94,30
I00866,S011,P041,2026-03-01,134,20
I00867,S011,P021,2026-03-01,132,40
I00868,S011,P038,2026-03-01,101,40
I00869,S011,P001,2026-03-01,67,25
I00870,S011,P028,2026-03-01,127,30
I00871,S011,P048,2026-03-01,108,20
I00872,S011,P018,2026-03-01,125,30
I00873,S011,P037,2026-03-01,106,40
I00874,S011,P054,2026-03-01,41,10
I00875,S012,P033,2026-03-01,107,5
I00876,S012,P009,2026-03-01,78,15
I00877,S012,P032,2026-03-01,55,10
I00878,S012,P046,2026-03-01,125,5
I00879,S012,P030,2026-03-01,31,25
I00880,S012,P059,2026-03-01,89,5
I00881,S012,P057,2026-03-01,11,20
I00882,S012,P060,2026-03-01,123,25
I00883,S012,P034,2026-03-01,79,25
I00884,S012,P008,2026-03-01,115,15
I00885,S012,P045,2026-03-01,96,20
I00886,S012,P014,2026-03-01,33,40
I00887,S012,P056,2026-03-01,35,25
I00888,S012,P031,2026-03-01,117,40
I00889,S012,P003,2026-03-01,115,30
I00890,S012,P011,2026-03-01,114,10
I00891,S012,P036,2026-03-01,83,5
I00892,S012,P024,2026-03-01,104,20
I00893,S012,P051,2026-03-01,59,20
I00894,S012,P039,2026-03-01,86,25
I00895,S012,P027,2026-03-01,11,30
I00896,S012,P042,2026-03-01,113,30
I00897,S012,P041,2026-03-01,71,30
I00898,S012,P043,2026-03-01,22,40
I00899,S012,P019,2026-03-01,42,30
I00900,S012,P054,2026-03-01,6,25
I00901,S012,P052,2026-03-01,79,25
I00902,S012,P010,2026-03-01,31,30
I00903,S012,P038,2026-03-01,21,10
I00904,S012,P012,2026-03-01,138,25
I00905,S012,P053,2026-03-01,13,25
I00906,S012,P047,2026-03-01,133,10
I00907,S012,P048,2026-03-01,121,25
I00908,S012,P028,2026-03-01,4,5
I00909,S012,P016,2026-03-01,136,10
I00910,S012,P001,2026-03-01,4,15
I00911,S012,P005,2026-03-01,52,10
I00912,S012,P037,2026-03-01,113,5
I00913,S001,P052,2026-04-01,14,15
I00914,S001,P035,2026-04-01,99,5
I00915,S001,P039,2026-04-01,81,10
I00916,S001,P021,2026-04-01,105,15
I00917,S001,P026,2026-04-01,66,20
I00918,S001,P038,2026-04-01,30,5
I00919,S001,P003,2026-04-01,51,10
I00920,S001,P032,2026-04-01,60,20
I00921,S001,P002,2026-04-01,130,40
I00922,S001,P022,2026-04-01,129,20
I00923,S001,P028,2026-04-01,29,15
I00924,S001,P012,2026-04-01,15,15
I00925,S001,P027,2026-04-01,118,25
I00926,S001,P060,2026-04-01,104,5
I00927,S001,P034,2026-04-01,123,5
I00928,S001,P057,2026-04-01,104,30
I00929,S001,P025,2026-04-01,59,5
I00930,S001,P017,2026-04-01,68,25
I00931,S001,P006,2026-04-01,25,10
I00932,S001,P008,2026-04-01,32,15
I00933,S001,P007,2026-04-01,104,20
I00934,S001,P059,2026-04-01,21,40
I00935,S001,P011,2026-04-01,128,10
I00936,S001,P019,2026-04-01,36,15
I00937,S001,P010,2026-04-01,138,10
I00938,S001,P049,2026-04-01,62,25
I00939,S001,P043,2026-04-01,108,25
I00940,S001,P042,2026-04-01,115,5
I00941,S001,P036,2026-04-01,0,40
I00942,S001,P053,2026-04-01,118,40
I00943,S001,P014,2026-04-01,74,30
I00944,S001,P051,2026-04-01,42,5
I00945,S001,P033,2026-04-01,15,20
I00946,S001,P047,2026-04-01,69,25
I00947,S001,P020,2026-04-01,64,40
I00948,S001,P055,2026-04-01,97,15
I00949,S001,P050,2026-04-01,54,25
I00950,S001,P001,2026-04-01,130,15
I00951,S002,P003,2026-04-01,121,5
I00952,S002,P011,2026-04-01,2,30
I00953,S002,P048,2026-04-01,44,20
I00954,S002,P035,2026-04-01,125,40
I00955,S002,P037,2026-04-01,100,25
I00956,S002,P005,2026-04-01,20,40
I00957,S002,P020,2026-04-01,19,25
I00958,S002,P006,2026-04-01,7,40
I00959,S002,P026,2026-04-01,113,30
I00960,S002,P045,2026-04-01,31,15
I00961,S002,P008,2026-04-01,96,40
I00962,S002,P009,2026-04-01,91,20
I00963,S002,P047,2026-04-01,45,40
I00964,S002,P036,2026-04-01,2,5
I00965,S002,P018,2026-04-01,118,15
I00966,S002,P028,2026-04-01,49,20
I00967,S002,P014,2026-04-01,2,10
I00968,S002,P040,2026-04-01,5,40
I00969,S002,P033,2026-04-01,71,30
I00970,S002,P021,2026-04-01,91,10
I00971,S002,P022,2026-04-01,23,40
I00972,S002,P017,2026-04-01,77,40
I00973,S002,P029,2026-04-01,56,10
I00974,S002,P046,2026-04-01,126,15
I00975,S002,P016,2026-04-01,9,15
I00976,S002,P041,2026-04-01,126,30
I00977,S002,P043,2026-04-01,53,5
I00978,S002,P044,2026-04-01,50,40
I00979,S002,P030,2026-04-01,101,5
I00980,S002,P031,2026-04-01,71,25
I00981,S002,P054,2026-04-01,128,20
I00982,S002,P059,2026-04-01,43,25
I00983,S002,P001,2026-04-01,49,30
I00984,S002,P023,2026-04-01,44,5
I00985,S002,P055,2026-04-01,32,30
I00986,S002,P057,2026-04-01,16,10
I00987,S002,P051,2026-04-01,66,25
I00988,S002,P032,2026-04-01,58,25
I00989,S003,P047,2026-04-01,114,15
I00990,S003,P051,2026-04-01,1,20
I00991,S003,P018,2026-04-01,49,15
I00992,S003,P013,2026-04-01,20,25
I00993,S003,P055,2026-04-01,6,30
I00994,S003,P044,2026-04-01,57,30
I00995,S003,P002,2026-04-01,108,5
I00996,S003,P045,2026-04-01,63,10
I00997,S003,P056,2026-04-01,42,15
I00998,S003,P035,2026-04-01,79,5
I00999,S003,P040,2026-04-01,24,5
I01000,S003,P017,2026-04-01,122,20
I01001,S003,P052,2026-04-01,6,25
I01002,S003,P036,2026-04-01,85,40
I01003,S003,P030,2026-04-01,64,10
I01004,S003,P001,2026-04-01,27,20
I01005,S003,P028,2026-04-01,61,15
I01006,S003,P042,2026-04-01,13,40
I01007,S003,P043,2026-04-01,85,25
I01008,S003,P004,2026-04-01,60,5
I01009,S003,P021,2026-04-01,112,40
I01010,S003,P048,2026-04-01,24,30
I01011,S003,P027,2026-04-01,114,25
I01012,S003,P058,2026-04-01,31,5
I01013,S003,P008,2026-04-01,15,5
I01014,S003,P034,2026-04-01,96,15
I01015,S003,P046,2026-04-01,16,40
I01016,S003,P032,2026-04-01,32,5
I01017,S003,P024,2026-04-01,113,5
I01018,S003,P049,2026-04-01,77,25
I01019,S003,P025,2026-04-01,110,5
I01020,S003,P054,2026-04-01,26,30
I01021,S003,P033,2026-04-01,14,25
I01022,S003,P060,2026-04-01,13,15
I01023,S003,P029,2026-04-01,97,20
I01024,S003,P009,2026-04-01,24,25
I01025,S003,P014,2026-04-01,105,10
I01026,S003,P037,2026-04-01,2,20
I01027,S004,P025,2026-04-01,32,15
I01028,S004,P030,2026-04-01,111,25
I01029,S004,P051,2026-04-01,91,15
I01030,S004,P028,2026-04-01,138,40
I01031,S004,P040,2026-04-01,37,10
I01032,S004,P056,2026-04-01,120,15
I01033,S004,P007,2026-04-01,87,15
I01034,S004,P022,2026-04-01,94,5
I01035,S004,P042,2026-04-01,132,25
I01036,S004,P044,2026-04-01,37,5
I01037,S004,P002,2026-04-01,60,25
I01038,S004,P059,2026-04-01,13,20
I01039,S004,P034,2026-04-01,88,10
I01040,S004,P053,2026-04-01,51,30
I01041,S004,P038,2026-04-01,51,40
I01042,S004,P013,2026-04-01,17,15
I01043,S004,P054,2026-04-01,48,30
I01044,S004,P058,2026-04-01,121,30
I01045,S004,P001,2026-04-01,119,25
I01046,S004,P039,2026-04-01,84,40
I01047,S004,P005,2026-04-01,85,25
I01048,S004,P046,2026-04-01,76,20
I01049,S004,P045,2026-04-01,84,10
I01050,S004,P037,2026-04-01,26,20
I01051,S004,P009,2026-04-01,10,20
I01052,S004,P033,2026-04-01,56,5
I01053,S004,P017,2026-04-01,57,30
I01054,S004,P023,2026-04-01,58,20
I01055,S004,P027,2026-04-01,54,10
I01056,S004,P016,2026-04-01,123,30
I01057,S004,P024,2026-04-01,84,40
I01058,S004,P020,2026-04-01,96,10
I01059,S004,P015,2026-04-01,102,10
I01060,S004,P006,2026-04-01,1,15
I01061,S004,P008,2026-04-01,2,5
I01062,S004,P055,2026-04-01,91,5
I01063,S004,P050,2026-04-01,29,10
I01064,S004,P049,2026-04-01,74,20
I01065,S005,P013,2026-04-01,134,40
I01066,S005,P041,2026-04-01,111,30
I01067,S005,P038,2026-04-01,16,5
I01068,S005,P049,2026-04-01,36,10
I01069,S005,P024,2026-04-01,48,10
I01070,S005,P003,2026-04-01,136,20
I01071,S005,P002,2026-04-01,95,15
I01072,S005,P060,2026-04-01,109,30
I01073,S005,P053,2026-04-01,62,5
I01074,S005,P019,2026-04-01,48,40
I01075,S005,P012,2026-04-01,137,15
I01076,S005,P015,2026-04-01,38,15
I01077,S005,P017,2026-04-01,63,5
I01078,S005,P047,2026-04-01,71,40
I01079,S005,P050,2026-04-01,32,40
I01080,S005,P022,2026-04-01,130,25
I01081,S005,P036,2026-04-01,125,10
I01082,S005,P016,2026-04-01,20,40
I01083,S005,P046,2026-04-01,120,40
I01084,S005,P052,2026-04-01,16,10
I01085,S005,P054,2026-04-01,130,20
I01086,S005,P042,2026-04-01,130,15
I01087,S005,P048,2026-04-01,127,25
I01088,S005,P007,2026-04-01,118,10
I01089,S005,P040,2026-04-01,82,30
I01090,S005,P009,2026-04-01,95,25
I01091,S005,P025,2026-04-01,123,30
I01092,S005,P008,2026-04-01,126,20
I01093,S005,P045,2026-04-01,68,25
I01094,S005,P030,2026-04-01,102,30
I01095,S005,P037,2026-04-01,9,10
I01096,S005,P010,2026-04-01,56,10
I01097,S005,P057,2026-04-01,115,40
I01098,S005,P033,2026-04-01,60,20
I01099,S005,P039,2026-04-01,55,15
I01100,S005,P026,2026-04-01,108,20
I01101,S005,P032,2026-04-01,40,40
I01102,S005,P006,2026-04-01,95,15
I01103,S006,P036,2026-04-01,139,30
I01104,S006,P006,2026-04-01,20,40
I01105,S006,P009,2026-04-01,70,10
I01106,S006,P049,2026-04-01,25,5
I01107,S006,P059,2026-04-01,18,15
I01108,S006,P019,2026-04-01,9,25
I01109,S006,P029,2026-04-01,51,15
I01110,S006,P034,2026-04-01,50,30
I01111,S006,P023,2026-04-01,84,15
I01112,S006,P015,2026-04-01,77,30
I01113,S006,P038,2026-04-01,70,10
I01114,S006,P003,2026-04-01,35,40
I01115,S006,P030,2026-04-01,139,15
I01116,S006,P033,2026-04-01,2,40
I01117,S006,P040,2026-04-01,76,15
I01118,S006,P022,2026-04-01,88,40
I01119,S006,P028,2026-04-01,103,20
I01120,S006,P054,2026-04-01,3,20
I01121,S006,P048,2026-04-01,131,40
I01122,S006,P044,2026-04-01,38,40
I01123,S006,P027,2026-04-01,101,10
I01124,S006,P024,2026-04-01,58,30
I01125,S006,P032,2026-04-01,53,20
I01126,S006,P021,2026-04-01,59,25
I01127,S006,P018,2026-04-01,119,30
I01128,S006,P025,2026-04-01,118,15
I01129,S006,P002,2026-04-01,21,15
I01130,S006,P012,2026-04-01,48,20
I01131,S006,P043,2026-04-01,106,10
I01132,S006,P008,2026-04-01,112,20
I01133,S006,P058,2026-04-01,7,15
I01134,S006,P037,2026-04-01,35,25
I01135,S006,P057,2026-04-01,32,15
I01136,S006,P047,2026-04-01,2,20
I01137,S006,P041,2026-04-01,90,15
I01138,S006,P010,2026-04-01,57,20
I01139,S006,P017,2026-04-01,108,30
I01140,S006,P039,2026-04-01,103,40
I01141,S007,P050,2026-04-01,45,5
I01142,S007,P045,2026-04-01,125,5
I01143,S007,P035,2026-04-01,47,10
I01144,S007,P020,2026-04-01,17,20
I01145,S007,P021,2026-04-01,72,10
I01146,S007,P038,2026-04-01,59,15
I01147,S007,P002,2026-04-01,134,5
I01148,S007,P037,2026-04-01,116,5
I01149,S007,P051,2026-04-01,94,25
I01150,S007,P003,2026-04-01,2,10
I01151,S007,P009,2026-04-01,83,40
I01152,S007,P010,2026-04-01,105,20
I01153,S007,P022,2026-04-01,40,5
I01154,S007,P053,2026-04-01,33,25
I01155,S007,P041,2026-04-01,107,20
I01156,S007,P039,2026-04-01,17,20
I01157,S007,P059,2026-04-01,52,10
I01158,S007,P047,2026-04-01,52,15
I01159,S007,P026,2026-04-01,110,40
I01160,S007,P025,2026-04-01,121,10
I01161,S007,P014,2026-04-01,79,25
I01162,S007,P042,2026-04-01,51,25
I01163,S007,P005,2026-04-01,117,15
I01164,S007,P058,2026-04-01,51,5
I01165,S007,P046,2026-04-01,36,20
I01166,S007,P013,2026-04-01,16,40
I01167,S007,P031,2026-04-01,102,25
I01168,S007,P007,2026-04-01,63,25
I01169,S007,P048,2026-04-01,84,25
I01170,S007,P019,2026-04-01,125,20
I01171,S007,P015,2026-04-01,118,25
I01172,S007,P056,2026-04-01,10,30
I01173,S007,P049,2026-04-01,23,15
I01174,S007,P052,2026-04-01,116,15
I01175,S007,P006,2026-04-01,76,20
I01176,S007,P004,2026-04-01,44,20
I01177,S007,P032,2026-04-01,63,10
I01178,S007,P018,2026-04-01,110,20
I01179,S008,P025,2026-04-01,118,20
I01180,S008,P059,2026-04-01,87,30
I01181,S008,P043,2026-04-01,102,40
I01182,S008,P012,2026-04-01,49,20
I01183,S008,P045,2026-04-01,9,5
I01184,S008,P037,2026-04-01,64,5
I01185,S008,P007,2026-04-01,34,15
I01186,S008,P026,2026-04-01,118,20
I01187,S008,P056,2026-04-01,118,5
I01188,S008,P003,2026-04-01,21,25
I01189,S008,P016,2026-04-01,62,30
I01190,S008,P011,2026-04-01,112,10
I01191,S008,P018,2026-04-01,120,40
I01192,S008,P041,2026-04-01,71,40
I01193,S008,P035,2026-04-01,41,10
I01194,S008,P019,2026-04-01,4,25
I01195,S008,P058,2026-04-01,25,10
I01196,S008,P005,2026-04-01,75,5
I01197,S008,P014,2026-04-01,136,30
I01198,S008,P032,2026-04-01,100,10
I01199,S008,P027,2026-04-01,19,30
I01200,S008,P036,2026-04-01,2,30
I01201,S008,P008,2026-04-01,69,10
I01202,S008,P024,2026-04-01,112,15
I01203,S008,P044,2026-04-01,45,10
I01204,S008,P054,2026-04-01,8,30
I01205,S008,P033,2026-04-01,136,10
I01206,S008,P021,2026-04-01,113,30
I01207,S008,P040,2026-04-01,12,40
I01208,S008,P015,2026-04-01,133,30
I01209,S008,P006,2026-04-01,26,20
I01210,S008,P009,2026-04-01,78,20
I01211,S008,P046,2026-04-01,13,25
I01212,S008,P017,2026-04-01,1,5
I01213,S008,P002,2026-04-01,96,40
I01214,S008,P031,2026-04-01,51,10
I01215,S008,P001,2026-04-01,95,10
I01216,S008,P051,2026-04-01,51,5
I01217,S009,P002,2026-04-01,3,20
I01218,S009,P027,2026-04-01,54,20
I01219,S009,P060,2026-04-01,56,5
I01220,S009,P001,2026-04-01,71,30
I01221,S009,P022,2026-04-01,94,5
I01222,S009,P053,2026-04-01,17,10
I01223,S009,P013,2026-04-01,105,15
I01224,S009,P044,2026-04-01,127,5
I01225,S009,P043,2026-04-01,137,40
I01226,S009,P005,2026-04-01,43,15
I01227,S009,P015,2026-04-01,24,25
I01228,S009,P007,2026-04-01,83,30
I01229,S009,P052,2026-04-01,99,30
I01230,S009,P011,2026-04-01,34,15
I01231,S009,P047,2026-04-01,44,30
I01232,S009,P003,2026-04-01,81,40
I01233,S009,P059,2026-04-01,123,5
I01234,S009,P033,2026-04-01,85,5
I01235,S009,P049,2026-04-01,114,20
I01236,S009,P021,2026-04-01,130,30
I01237,S009,P041,2026-04-01,59,25
I01238,S009,P036,2026-04-01,3,10
I01239,S009,P054,2026-04-01,5,25
I01240,S009,P014,2026-04-01,31,15
I01241,S009,P035,2026-04-01,60,30
I01242,S009,P026,2026-04-01,109,40
I01243,S009,P028,2026-04-01,62,25
I01244,S009,P008,2026-04-01,20,5
I01245,S009,P050,2026-04-01,35,15
I01246,S009,P042,2026-04-01,127,15
I01247,S009,P004,2026-04-01,51,10
I01248,S009,P012,2026-04-01,96,10
I01249,S009,P046,2026-04-01,9,10
I01250,S009,P006,2026-04-01,113,30
I01251,S009,P057,2026-04-01,84,10
I01252,S009,P038,2026-04-01,71,15
I01253,S009,P040,2026-04-01,10,25
I01254,S009,P034,2026-04-01,106,30
I01255,S010,P053,2026-04-01,60,25
I01256,S010,P019,2026-04-01,20,20
I01257,S010,P049,2026-04-01,119,15
I01258,S010,P002,2026-04-01,42,30
I01259,S010,P015,2026-04-01,50,10
I01260,S010,P055,2026-04-01,108,10
I01261,S010,P047,2026-04-01,63,15
I01262,S010,P022,2026-04-01,73,25
I01263,S010,P060,2026-04-01,114,30
I01264,S010,P016,2026-04-01,51,15
I01265,S010,P014,2026-04-01,123,5
I01266,S010,P035,2026-04-01,92,20
I01267,S010,P004,2026-04-01,96,10
I01268,S010,P043,2026-04-01,120,20
I01269,S010,P051,2026-04-01,108,25
I01270,S010,P044,2026-04-01,110,40
I01271,S010,P056,2026-04-01,39,40
I01272,S010,P039,2026-04-01,123,5
I01273,S010,P025,2026-04-01,97,20
I01274,S010,P034,2026-04-01,21,40
I01275,S010,P021,2026-04-01,76,25
I01276,S010,P012,2026-04-01,137,10
I01277,S010,P029,2026-04-01,44,15
I01278,S010,P001,2026-04-01,97,20
I01279,S010,P005,2026-04-01,78,20
I01280,S010,P032,2026-04-01,72,20
I01281,S010,P036,2026-04-01,123,5
I01282,S010,P013,2026-04-01,85,10
I01283,S010,P048,2026-04-01,120,10
I01284,S010,P040,2026-04-01,39,10
I01285,S010,P041,2026-04-01,1,5
I01286,S010,P007,2026-04-01,128,30
I01287,S010,P030,2026-04-01,95,20
I01288,S010,P003,2026-04-01,103,20
I01289,S010,P006,2026-04-01,101,30
I01290,S010,P059,2026-04-01,95,20
I01291,S010,P018,2026-04-01,125,15
I01292,S010,P038,2026-04-01,18,20
I01293,S011,P057,2026-04-01,41,5
I01294,S011,P003,2026-04-01,29,40
I01295,S011,P008,2026-04-01,23,30
I01296,S011,P025,2026-04-01,98,20
I01297,S011,P037,2026-04-01,20,25
I01298,S011,P011,2026-04-01,48,20
I01299,S011,P013,2026-04-01,42,40
I01300,S011,P049,2026-04-01,109,15
I01301,S011,P028,2026-04-01,77,25
I01302,S011,P017,2026-04-01,136,30
I01303,S011,P050,2026-04-01,97,25
I01304,S011,P053,2026-04-01,78,30
I01305,S011,P047,2026-04-01,105,40
I01306,S011,P023,2026-04-01,22,5
I01307,S011,P033,2026-04-01,88,40
I01308,S011,P032,2026-04-01,36,15
I01309,S011,P041,2026-04-01,53,30
I01310,S011,P024,2026-04-01,101,30
I01311,S011,P004,2026-04-01,78,5
I01312,S011,P060,2026-04-01,43,40
I01313,S011,P052,2026-04-01,125,5
I01314,S011,P016,2026-04-01,24,5
I01315,S011,P039,2026-04-01,106,25
I01316,S011,P031,2026-04-01,106,30
I01317,S011,P059,2026-04-01,73,30
I01318,S011,P043,2026-04-01,110,10
I01319,S011,P002,2026-04-01,45,15
I01320,S011,P010,2026-04-01,47,30
I01321,S011,P051,2026-04-01,34,10
I01322,S011,P020,2026-04-01,124,10
I01323,S011,P015,2026-04-01,128,5
I01324,S011,P022,2026-04-01,115,25
I01325,S011,P005,2026-04-01,54,10
I01326,S011,P009,2026-04-01,51,5
I01327,S011,P058,2026-04-01,46,40
I01328,S011,P056,2026-04-01,49,15
I01329,S011,P019,2026-04-01,104,20
I01330,S011,P029,2026-04-01,27,40
I01331,S012,P041,2026-04-01,87,15
I01332,S012,P011,2026-04-01,61,15
I01333,S012,P006,2026-04-01,102,20
I01334,S012,P019,2026-04-01,14,15
I01335,S012,P058,2026-04-01,84,40
I01336,S012,P025,2026-04-01,25,5
I01337,S012,P008,2026-04-01,116,40
I01338,S012,P018,2026-04-01,102,30
I01339,S012,P005,2026-04-01,35,5
I01340,S012,P022,2026-04-01,31,40
I01341,S012,P002,2026-04-01,135,15
I01342,S012,P038,2026-04-01,63,15
I01343,S012,P016,2026-04-01,115,25
I01344,S012,P031,2026-04-01,121,25
I01345,S012,P032,2026-04-01,105,30
I01346,S012,P044,2026-04-01,48,5
I01347,S012,P007,2026-04-01,82,5
I01348,S012,P001,2026-04-01,92,40
I01349,S012,P004,2026-04-01,11,40
I01350,S012,P053,2026-04-01,83,30
I01351,S012,P043,2026-04-01,113,10
I01352,S012,P049,2026-04-01,124,20
I01353,S012,P003,2026-04-01,20,15
I01354,S012,P045,2026-04-01,109,20
I01355,S012,P014,2026-04-01,25,30
I01356,S012,P034,2026-04-01,98,15
I01357,S012,P040,2026-04-01,49,30
I01358,S012,P055,2026-04-01,36,40
I01359,S012,P060,2026-04-01,133,25
I01360,S012,P030,2026-04-01,129,5
I01361,S012,P048,2026-04-01,32,20
I01362,S012,P047,2026-04-01,22,15
I01363,S012,P033,2026-04-01,140,40
I01364,S012,P059,2026-04-01,119,10
I01365,S012,P020,2026-04-01,114,5
I01366,S012,P036,2026-04-01,123,30
I01367,S012,P027,2026-04-01,138,10
I01368,S012,P012,2026-04-01,62,10
I01369,S001,P011,2026-04-30,29,15
I01370,S001,P049,2026-04-30,22,5
I01371,S001,P043,2026-04-30,22,15
I01372,S001,P045,2026-04-30,48,30
I01373,S001,P006,2026-04-30,29,25
I01374,S001,P007,2026-04-30,94,10
I01375,S001,P028,2026-04-30,80,20
I01376,S001,P046,2026-04-30,0,15
I01377,S001,P002,2026-04-30,15,25
I01378,S001,P060,2026-04-30,137,10
I01379,S001,P021,2026-04-30,99,20
I01380,S001,P025,2026-04-30,81,40
I01381,S001,P018,2026-04-30,93,40
I01382,S001,P015,2026-04-30,32,25
I01383,S001,P017,2026-04-30,56,5
I01384,S001,P058,2026-04-30,101,5
I01385,S001,P031,2026-04-30,137,40
I01386,S001,P057,2026-04-30,117,15
I01387,S001,P008,2026-04-30,37,40
I01388,S001,P009,2026-04-30,75,40
I01389,S001,P035,2026-04-30,56,20
I01390,S001,P032,2026-04-30,116,10
I01391,S001,P056,2026-04-30,72,10
I01392,S001,P022,2026-04-30,8,25
I01393,S001,P047,2026-04-30,81,15
I01394,S001,P005,2026-04-30,128,30
I01395,S001,P037,2026-04-30,31,15
I01396,S001,P059,2026-04-30,122,30
I01397,S001,P033,2026-04-30,55,20
I01398,S001,P050,2026-04-30,74,30
I01399,S001,P044,2026-04-30,96,5
I01400,S001,P026,2026-04-30,85,10
I01401,S001,P048,2026-04-30,53,40
I01402,S001,P014,2026-04-30,57,30
I01403,S001,P029,2026-04-30,13,40
I01404,S001,P042,2026-04-30,45,40
I01405,S001,P039,2026-04-30,124,30
I01406,S001,P041,2026-04-30,100,15
I01407,S002,P053,2026-04-30,2,15
I01408,S002,P043,2026-04-30,26,30
I01409,S002,P055,2026-04-30,37,20
I01410,S002,P011,2026-04-30,109,30
I01411,S002,P002,2026-04-30,43,5
I01412,S002,P036,2026-04-30,24,15
I01413,S002,P026,2026-04-30,121,10
I01414,S002,P022,2026-04-30,13,5
I01415,S002,P028,2026-04-30,131,30
I01416,S002,P044,2026-04-30,86,25
I01417,S002,P031,2026-04-30,111,10
I01418,S002,P023,2026-04-30,103,10
I01419,S002,P054,2026-04-30,8,5
I01420,S002,P048,2026-04-30,61,20
I01421,S002,P005,2026-04-30,125,15
I01422,S002,P034,2026-04-30,44,30
I01423,S002,P019,2026-04-30,96,40
I01424,S002,P051,2026-04-30,22,40
I01425,S002,P013,2026-04-30,118,40
I01426,S002,P058,2026-04-30,97,15
I01427,S002,P047,2026-04-30,113,15
I01428,S002,P007,2026-04-30,2,5
I01429,S002,P009,2026-04-30,29,5
I01430,S002,P021,2026-04-30,31,20
I01431,S002,P004,2026-04-30,130,10
I01432,S002,P020,2026-04-30,5,25
I01433,S002,P030,2026-04-30,122,15
I01434,S002,P057,2026-04-30,24,40
I01435,S002,P038,2026-04-30,46,20
I01436,S002,P015,2026-04-30,123,30
I01437,S002,P049,2026-04-30,111,15
I01438,S002,P016,2026-04-30,32,5
I01439,S002,P010,2026-04-30,83,5
I01440,S002,P046,2026-04-30,137,10
I01441,S002,P039,2026-04-30,103,40
I01442,S002,P040,2026-04-30,5,20
I01443,S002,P024,2026-04-30,137,40
I01444,S002,P025,2026-04-30,135,20
I01445,S003,P005,2026-04-30,43,20
I01446,S003,P034,2026-04-30,0,10
I01447,S003,P054,2026-04-30,76,5
I01448,S003,P038,2026-04-30,132,40
I01449,S003,P035,2026-04-30,75,30
I01450,S003,P046,2026-04-30,136,20
I01451,S003,P053,2026-04-30,35,25
I01452,S003,P051,2026-04-30,125,30
I01453,S003,P042,2026-04-30,80,25
I01454,S003,P008,2026-04-30,90,25
I01455,S003,P049,2026-04-30,137,25
I01456,S003,P050,2026-04-30,53,30
I01457,S003,P014,2026-04-30,25,30
I01458,S003,P043,2026-04-30,11,10
I01459,S003,P058,2026-04-30,9,10
I01460,S003,P012,2026-04-30,36,15
I01461,S003,P039,2026-04-30,55,10
I01462,S003,P045,2026-04-30,55,25
I01463,S003,P001,2026-04-30,91,15
I01464,S003,P036,2026-04-30,32,30
I01465,S003,P029,2026-04-30,108,5
I01466,S003,P021,2026-04-30,140,15
I01467,S003,P055,2026-04-30,66,20
I01468,S003,P003,2026-04-30,41,20
I01469,S003,P009,2026-04-30,116,5
I01470,S003,P048,2026-04-30,65,30
I01471,S003,P011,2026-04-30,108,30
I01472,S003,P006,2026-04-30,36,25
I01473,S003,P017,2026-04-30,52,5
I01474,S003,P028,2026-04-30,68,30
I01475,S003,P025,2026-04-30,49,30
I01476,S003,P002,2026-04-30,95,25
I01477,S003,P037,2026-04-30,130,25
I01478,S003,P004,2026-04-30,41,20
I01479,S003,P032,2026-04-30,39,15
I01480,S003,P010,2026-04-30,111,20
I01481,S003,P047,2026-04-30,6,25
I01482,S003,P018,2026-04-30,63,5
I01483,S004,P018,2026-04-30,12,10
I01484,S004,P008,2026-04-30,81,40
I01485,S004,P035,2026-04-30,99,10
I01486,S004,P059,2026-04-30,88,40
I01487,S004,P044,2026-04-30,136,25
I01488,S004,P036,2026-04-30,103,20
I01489,S004,P027,2026-04-30,32,15
I01490,S004,P005,2026-04-30,2,30
I01491,S004,P022,2026-04-30,131,30
I01492,S004,P041,2026-04-30,39,30
I01493,S004,P006,2026-04-30,32,10
I01494,S004,P024,2026-04-30,96,25
I01495,S004,P052,2026-04-30,68,5
I01496,S004,P060,2026-04-30,94,30
I01497,S004,P010,2026-04-30,63,30
I01498,S004,P015,2026-04-30,107,30
I01499,S004,P047,2026-04-30,117,10
I01500,S004,P001,2026-04-30,112,15
I01501,S004,P007,2026-04-30,119,25
I01502,S004,P025,2026-04-30,73,15
I01503,S004,P045,2026-04-30,109,25
I01504,S004,P051,2026-04-30,58,15
I01505,S004,P042,2026-04-30,22,15
I01506,S004,P057,2026-04-30,104,40
I01507,S004,P012,2026-04-30,80,40
I01508,S004,P034,2026-04-30,23,30
I01509,S004,P020,2026-04-30,20,5
I01510,S004,P032,2026-04-30,61,5
I01511,S004,P038,2026-04-30,42,25
I01512,S004,P017,2026-04-30,14,5
I01513,S004,P055,2026-04-30,73,25
I01514,S004,P023,2026-04-30,126,40
I01515,S004,P019,2026-04-30,2,20
I01516,S004,P046,2026-04-30,130,30
I01517,S004,P056,2026-04-30,34,20
I01518,S004,P009,2026-04-30,127,25
I01519,S004,P058,2026-04-30,136,30
I01520,S004,P004,2026-04-30,31,20
I01521,S005,P001,2026-04-30,63,40
I01522,S005,P040,2026-04-30,138,40
I01523,S005,P013,2026-04-30,30,15
I01524,S005,P054,2026-04-30,76,20
I01525,S005,P048,2026-04-30,75,15
I01526,S005,P060,2026-04-30,54,5
I01527,S005,P046,2026-04-30,100,10
I01528,S005,P028,2026-04-30,78,30
I01529,S005,P045,2026-04-30,131,40
I01530,S005,P035,2026-04-30,9,20
I01531,S005,P056,2026-04-30,124,5
I01532,S005,P023,2026-04-30,91,5
I01533,S005,P016,2026-04-30,117,15
I01534,S005,P043,2026-04-30,76,15
I01535,S005,P034,2026-04-30,27,5
I01536,S005,P044,2026-04-30,89,30
I01537,S005,P039,2026-04-30,47,20
I01538,S005,P003,2026-04-30,90,5
I01539,S005,P052,2026-04-30,25,20
I01540,S005,P029,2026-04-30,125,10
I01541,S005,P011,2026-04-30,21,25
I01542,S005,P057,2026-04-30,131,10
I01543,S005,P015,2026-04-30,105,5
I01544,S005,P012,2026-04-30,124,5
I01545,S005,P005,2026-04-30,39,40
I01546,S005,P024,2026-04-30,64,10
I01547,S005,P009,2026-04-30,120,20
I01548,S005,P033,2026-04-30,95,15
I01549,S005,P049,2026-04-30,93,20
I01550,S005,P031,2026-04-30,46,25
I01551,S005,P002,2026-04-30,68,5
I01552,S005,P014,2026-04-30,112,30
I01553,S005,P050,2026-04-30,112,10
I01554,S005,P058,2026-04-30,35,15
I01555,S005,P006,2026-04-30,111,5
I01556,S005,P037,2026-04-30,91,40
I01557,S005,P004,2026-04-30,50,5
I01558,S005,P059,2026-04-30,48,15
I01559,S006,P003,2026-04-30,109,25
I01560,S006,P009,2026-04-30,2,20
I01561,S006,P026,2026-04-30,122,15
I01562,S006,P027,2026-04-30,72,20
I01563,S006,P048,2026-04-30,21,40
I01564,S006,P022,2026-04-30,109,10
I01565,S006,P060,2026-04-30,39,30
I01566,S006,P011,2026-04-30,130,10
I01567,S006,P043,2026-04-30,63,15
I01568,S006,P013,2026-04-30,29,40
I01569,S006,P031,2026-04-30,67,30
I01570,S006,P052,2026-04-30,63,30
I01571,S006,P018,2026-04-30,109,10
I01572,S006,P008,2026-04-30,121,30
I01573,S006,P057,2026-04-30,26,30
I01574,S006,P032,2026-04-30,128,25
I01575,S006,P036,2026-04-30,46,10
I01576,S006,P045,2026-04-30,38,10
I01577,S006,P059,2026-04-30,30,10
I01578,S006,P021,2026-04-30,102,5
I01579,S006,P058,2026-04-30,70,10
I01580,S006,P033,2026-04-30,37,20
I01581,S006,P025,2026-04-30,4,25
I01582,S006,P042,2026-04-30,51,5
I01583,S006,P047,2026-04-30,13,20
I01584,S006,P007,2026-04-30,104,25
I01585,S006,P002,2026-04-30,78,30
I01586,S006,P037,2026-04-30,59,10
I01587,S006,P010,2026-04-30,86,20
I01588,S006,P012,2026-04-30,122,5
I01589,S006,P017,2026-04-30,130,20
I01590,S006,P001,2026-04-30,13,15
I01591,S006,P038,2026-04-30,28,15
I01592,S006,P055,2026-04-30,93,15
I01593,S006,P044,2026-04-30,89,30
I01594,S006,P034,2026-04-30,107,10
I01595,S006,P046,2026-04-30,81,5
I01596,S006,P053,2026-04-30,46,5
I01597,S007,P001,2026-04-30,30,5
I01598,S007,P004,2026-04-30,48,10
I01599,S007,P043,2026-04-30,114,5
I01600,S007,P048,2026-04-30,19,25
I01601,S007,P021,2026-04-30,87,15
I01602,S007,P014,2026-04-30,121,40
I01603,S007,P019,2026-04-30,51,25
I01604,S007,P031,2026-04-30,39,5
I01605,S007,P018,2026-04-30,32,10
I01606,S007,P039,2026-04-30,107,25
I01607,S007,P007,2026-04-30,64,40
I01608,S007,P028,2026-04-30,88,15
I01609,S007,P012,2026-04-30,114,30
I01610,S007,P017,2026-04-30,30,20
I01611,S007,P032,2026-04-30,17,20
I01612,S007,P024,2026-04-30,107,25
I01613,S007,P022,2026-04-30,128,40
I01614,S007,P020,2026-04-30,5,10
I01615,S007,P008,2026-04-30,70,30
I01616,S007,P050,2026-04-30,33,15
I01617,S007,P060,2026-04-30,11,25
I01618,S007,P036,2026-04-30,15,40
I01619,S007,P009,2026-04-30,48,30
I01620,S007,P044,2026-04-30,101,20
I01621,S007,P045,2026-04-30,136,40
I01622,S007,P051,2026-04-30,131,5
I01623,S007,P034,2026-04-30,42,20
I01624,S007,P035,2026-04-30,130,20
I01625,S007,P016,2026-04-30,99,20
I01626,S007,P056,2026-04-30,69,10
I01627,S007,P038,2026-04-30,47,5
I01628,S007,P041,2026-04-30,40,25
I01629,S007,P054,2026-04-30,55,25
I01630,S007,P013,2026-04-30,2,40
I01631,S007,P003,2026-04-30,131,20
I01632,S007,P059,2026-04-30,128,30
I01633,S007,P005,2026-04-30,134,15
I01634,S007,P053,2026-04-30,77,40
I01635,S008,P015,2026-04-30,91,10
I01636,S008,P019,2026-04-30,71,10
I01637,S008,P046,2026-04-30,65,5
I01638,S008,P018,2026-04-30,137,30
I01639,S008,P036,2026-04-30,27,30
I01640,S008,P008,2026-04-30,97,30
I01641,S008,P011,2026-04-30,65,40
I01642,S008,P060,2026-04-30,52,40
I01643,S008,P003,2026-04-30,113,10
I01644,S008,P035,2026-04-30,83,15
I01645,S008,P016,2026-04-30,52,25
I01646,S008,P059,2026-04-30,101,10
I01647,S008,P052,2026-04-30,114,10
I01648,S008,P041,2026-04-30,111,15
I01649,S008,P010,2026-04-30,37,20
I01650,S008,P057,2026-04-30,23,20
I01651,S008,P009,2026-04-30,46,20
I01652,S008,P045,2026-04-30,47,40
I01653,S008,P004,2026-04-30,45,10
I01654,S008,P050,2026-04-30,125,30
I01655,S008,P014,2026-04-30,46,30
I01656,S008,P051,2026-04-30,72,5
I01657,S008,P055,2026-04-30,79,10
I01658,S008,P001,2026-04-30,45,40
I01659,S008,P023,2026-04-30,100,30
I01660,S008,P024,2026-04-30,48,5
I01661,S008,P021,2026-04-30,36,5
I01662,S008,P006,2026-04-30,109,10
I01663,S008,P017,2026-04-30,116,30
I01664,S008,P039,2026-04-30,103,5
I01665,S008,P005,2026-04-30,134,10
I01666,S008,P040,2026-04-30,3,25
I01667,S008,P020,2026-04-30,25,20
I01668,S008,P058,2026-04-30,98,5
I01669,S008,P054,2026-04-30,28,40
I01670,S008,P002,2026-04-30,3,40
I01671,S008,P034,2026-04-30,11,10
I01672,S008,P037,2026-04-30,63,40
I01673,S009,P006,2026-04-30,36,5
I01674,S009,P018,2026-04-30,57,5
I01675,S009,P010,2026-04-30,58,20
I01676,S009,P041,2026-04-30,98,10
I01677,S009,P039,2026-04-30,90,30
I01678,S009,P001,2026-04-30,73,10
I01679,S009,P051,2026-04-30,98,30
I01680,S009,P055,2026-04-30,28,20
I01681,S009,P054,2026-04-30,43,5
I01682,S009,P007,2026-04-30,57,5
I01683,S009,P035,2026-04-30,72,15
I01684,S009,P048,2026-04-30,19,25
I01685,S009,P022,2026-04-30,85,5
I01686,S009,P046,2026-04-30,92,5
I01687,S009,P060,2026-04-30,11,25
I01688,S009,P013,2026-04-30,38,10
I01689,S009,P009,2026-04-30,109,25
I01690,S009,P031,2026-04-30,85,25
I01691,S009,P037,2026-04-30,46,30
I01692,S009,P029,2026-04-30,108,10
I01693,S009,P011,2026-04-30,77,25
I01694,S009,P020,2026-04-30,73,15
I01695,S009,P049,2026-04-30,26,15
I01696,S009,P043,2026-04-30,127,30
I01697,S009,P058,2026-04-30,94,15
I01698,S009,P016,2026-04-30,19,40
I01699,S009,P004,2026-04-30,0,40
I01700,S009,P059,2026-04-30,38,40
I01701,S009,P008,2026-04-30,37,15
I01702,S009,P053,2026-04-30,37,20
I01703,S009,P027,2026-04-30,114,30
I01704,S009,P002,2026-04-30,122,40
I01705,S009,P034,2026-04-30,17,5
I01706,S009,P033,2026-04-30,109,30
I01707,S009,P036,2026-04-30,71,10
I01708,S009,P028,2026-04-30,23,15
I01709,S009,P017,2026-04-30,32,10
I01710,S009,P014,2026-04-30,98,15
I01711,S010,P021,2026-04-30,28,5
I01712,S010,P032,2026-04-30,89,15
I01713,S010,P028,2026-04-30,35,15
I01714,S010,P031,2026-04-30,117,10
I01715,S010,P045,2026-04-30,107,10
I01716,S010,P027,2026-04-30,53,40
I01717,S010,P039,2026-04-30,57,5
I01718,S010,P051,2026-04-30,35,5
I01719,S010,P041,2026-04-30,36,20
I01720,S010,P022,2026-04-30,6,30
I01721,S010,P009,2026-04-30,108,15
I01722,S010,P042,2026-04-30,13,30
I01723,S010,P016,2026-04-30,27,30
I01724,S010,P025,2026-04-30,18,20
I01725,S010,P055,2026-04-30,40,5
I01726,S010,P036,2026-04-30,37,15
I01727,S010,P059,2026-04-30,36,5
I01728,S010,P035,2026-04-30,62,5
I01729,S010,P043,2026-04-30,3,25
I01730,S010,P044,2026-04-30,106,10
I01731,S010,P049,2026-04-30,46,20
I01732,S010,P040,2026-04-30,35,30
I01733,S010,P015,2026-04-30,135,30
I01734,S010,P047,2026-04-30,76,20
I01735,S010,P006,2026-04-30,105,30
I01736,S010,P046,2026-04-30,86,20
I01737,S010,P034,2026-04-30,3,15
I01738,S010,P038,2026-04-30,28,10
I01739,S010,P056,2026-04-30,15,30
I01740,S010,P008,2026-04-30,8,25
I01741,S010,P012,2026-04-30,44,25
I01742,S010,P001,2026-04-30,41,5
I01743,S010,P007,2026-04-30,101,40
I01744,S010,P029,2026-04-30,108,30
I01745,S010,P030,2026-04-30,116,25
I01746,S010,P018,2026-04-30,66,25
I01747,S010,P048,2026-04-30,128,15
I01748,S010,P005,2026-04-30,58,20
I01749,S011,P060,2026-04-30,72,10
I01750,S011,P011,2026-04-30,138,5
I01751,S011,P018,2026-04-30,16,10
I01752,S011,P006,2026-04-30,2,40
I01753,S011,P034,2026-04-30,79,10
I01754,S011,P025,2026-04-30,51,30
I01755,S011,P009,2026-04-30,8,10
I01756,S011,P048,2026-04-30,68,5
I01757,S011,P014,2026-04-30,11,25
I01758,S011,P026,2026-04-30,123,5
I01759,S011,P040,2026-04-30,12,15
I01760,S011,P004,2026-04-30,23,15
I01761,S011,P015,2026-04-30,2,15
I01762,S011,P051,2026-04-30,72,20
I01763,S011,P012,2026-04-30,128,10
I01764,S011,P036,2026-04-30,80,40
I01765,S011,P039,2026-04-30,100,30
I01766,S011,P005,2026-04-30,91,10
I01767,S011,P030,2026-04-30,24,15
I01768,S011,P031,2026-04-30,104,30
I01769,S011,P021,2026-04-30,128,5
I01770,S011,P047,2026-04-30,128,40
I01771,S011,P055,2026-04-30,38,5
I01772,S011,P059,2026-04-30,97,20
I01773,S011,P049,2026-04-30,9,15
I01774,S011,P024,2026-04-30,41,10
I01775,S011,P028,2026-04-30,118,5
I01776,S011,P013,2026-04-30,23,30
I01777,S011,P058,2026-04-30,59,10
I01778,S011,P045,2026-04-30,36,40
I01779,S011,P041,2026-04-30,41,25
I01780,S011,P003,2026-04-30,132,30
I01781,S011,P046,2026-04-30,133,40
I01782,S011,P020,2026-04-30,87,20
I01783,S011,P038,2026-04-30,33,15
I01784,S011,P037,2026-04-30,74,15
I01785,S011,P001,2026-04-30,110,5
I01786,S011,P008,2026-04-30,99,10
I01787,S012,P014,2026-04-30,35,5
I01788,S012,P040,2026-04-30,124,5
I01789,S012,P039,2026-04-30,93,40
I01790,S012,P005,2026-04-30,73,20
I01791,S012,P010,2026-04-30,104,40
I01792,S012,P037,2026-04-30,33,20
I01793,S012,P041,2026-04-30,93,25
I01794,S012,P032,2026-04-30,80,15
I01795,S012,P007,2026-04-30,21,30
I01796,S012,P001,2026-04-30,105,25
I01797,S012,P056,2026-04-30,115,15
I01798,S012,P020,2026-04-30,10,25
I01799,S012,P036,2026-04-30,14,30
I01800,S012,P006,2026-04-30,62,30
I01801,S012,P053,2026-04-30,2,10
I01802,S012,P052,2026-04-30,26,15
I01803,S012,P030,2026-04-30,96,10
I01804,S012,P021,2026-04-30,102,40
I01805,S012,P011,2026-04-30,18,10
I01806,S012,P019,2026-04-30,99,40
I01807,S012,P042,2026-04-30,118,30
I01808,S012,P057,2026-04-30,23,15
I01809,S012,P018,2026-04-30,119,20
I01810,S012,P055,2026-04-30,136,40
I01811,S012,P024,2026-04-30,119,5
I01812,S012,P023,2026-04-30,21,10
I01813,S012,P047,2026-04-30,27,20
I01814,S012,P058,2026-04-30,110,10
I01815,S012,P012,2026-04-30,102,15
I01816,S012,P035,2026-04-30,16,15
I01817,S012,P025,2026-04-30,87,25
I01818,S012,P015,2026-04-30,124,10
I01819,S012,P009,2026-04-30,121,5
I01820,S012,P016,2026-04-30,71,20
I01821,S012,P028,2026-04-30,9,25
I01822,S012,P044,2026-04-30,39,20
I01823,S012,P029,2026-04-30,37,30
I01824,S012,P043,2026-04-30,54,15
I_BAD1,S404,P001,2026-04-30,12,20
I_BAD2,S001,P404,2026-04-30,4,10
