SaleId,StoreId,ProductId,CustomerId,SaleDate,Quantity,UnitPriceGold
SA0001,S002,P047,C050,2026-02-10,1,50.99
SA0002,S003,P013,C056,2026-04-05,2,6.19
SA0003,S009,P039,C073,2026-01-13,5,0.78
SA0004,S005,P001,C137,2026-01-17,2,3.03
SA0005,S012,P009,C126,2026-01-14,5,4.57
SA0006,S008,P022,C048,2026-01-07,1,28.15
SA0007,S002,P026,C126,2026-01-10,3,18.37
SA0008,S010,P020,C022,2026-02-01,1,5.7
SA0009,S010,P015,C134,2026-02-18,2,19.06
SA0010,S007,P020,C146,2026-03-21,1,6.03
SA0011,S004,P041,C055,2026-02-03,3,256.68
SA0012,S002,P011,C001,2026-02-22,2,1.95
SA0013,S004,P019,C073,2026-03-31,5,117.55
SA0014,S005,P051,C051,2026-02-24,1,5.02
SA0015,S005,P053,C037,2026-01-10,1,12.07
SA0016,S010,P059,C074,2026-02-26,1,6.96
SA0017,S005,P033,C139,2026-03-05,2,35.75
SA0018,S012,P021,C065,2026-01-04,1,11.77
SA0019,S010,P038,C006,2026-04-08,4,34.7
SA0020,S008,P034,C114,2026-04-28,2,8.23
SA0021,S008,P006,C121,2026-02-14,2,1.24
SA0022,S003,P022,C106,2026-03-30,3,26.53
SA0023,S009,P003,C117,2026-01-12,2,2.72
SA0024,S007,P056,C132,2026-04-16,10,1.32
SA0025,S007,P004,C049,2026-03-08,2,14.5
SA0026,S001,P014,C069,2026-03-12,1,7.09
SA0027,S008,P008,C008,2026-03-22,3,6.25
SA0028,S009,P001,C142,2026-02-22,1,3.04
SA0029,S008,P008,C040,2026-03-05,6,6.37
SA0030,S007,P054,C124,2026-03-02,1,3.63
SA0031,S010,P033,C035,2026-04-21,1,37.71
SA0032,S006,P060,C130,2026-02-04,5,180.59
SA0033,S010,P038,C126,2026-04-21,1,22.33
SA0034,S009,P049,C140,2026-02-18,2,9.15
SA0035,S012,P016,C147,2026-02-19,1,69.21
SA0036,S012,P059,C098,2026-02-19,10,7.18
SA0037,S003,P032,C010,2026-01-17,3,102.66
SA0038,S008,P007,C135,2026-04-27,2,95.68
SA0039,S011,P010,C020,2026-03-02,4,69.85
SA0040,S007,P042,C021,2026-04-20,2,4.33
SA0041,S006,P041,C125,2026-04-22,3,299.73
SA0042,S011,P059,C074,2026-01-30,4,6.42
SA0043,S011,P046,C026,2026-02-26,1,76.95
SA0044,S001,P019,C092,2026-02-17,2,125.19
SA0045,S011,P051,C047,2026-01-22,1,5.71
SA0046,S011,P016,C128,2026-04-27,3,40.28
SA0047,S008,P017,C003,2026-04-26,5,0.89
SA0048,S003,P005,C114,2026-02-14,10,2.95
SA0049,S012,P017,C117,2026-04-19,2,0.91
SA0050,S002,P016,C098,2026-03-15,2,41.19
SA0051,S001,P054,C102,2026-02-05,1,3.99
SA0052,S001,P059,C128,2026-04-17,6,6.11
SA0053,S010,P052,C091,2026-01-29,3,13.09
SA0054,S012,P050,C036,2026-03-22,1,61.62
SA0055,S001,P038,C094,2026-04-04,1,24.97
SA0056,S007,P012,C052,2026-01-17,4,1.94
SA0057,S009,P059,C070,2026-04-17,1,7.44
SA0058,S005,P048,C087,2026-04-13,1,2.54
SA0059,S004,P056,C102,2026-04-19,5,1.21
SA0060,S001,P017,C138,2026-01-16,2,0.83
SA0061,S010,P025,C096,2026-01-14,4,4.94
SA0062,S009,P021,C057,2026-03-24,1,11.31
SA0063,S005,P042,C105,2026-01-15,1,4.69
SA0064,S008,P008,C025,2026-01-31,6,6.02
SA0065,S011,P048,C139,2026-02-23,3,2.37
SA0066,S011,P007,C126,2026-03-20,2,127.35
SA0067,S008,P029,C061,2026-04-20,2,254.84
SA0068,S011,P023,C016,2026-02-20,2,70.13
SA0069,S008,P006,C055,2026-03-24,3,1.51
SA0070,S006,P016,C033,2026-04-11,3,37.94
SA0071,S004,P038,C056,2026-04-15,5,20.83
SA0072,S010,P001,C071,2026-04-20,10,3.04
SA0073,S003,P008,C007,2026-01-17,1,7.47
SA0074,S006,P002,C045,2026-02-03,1,9.91
SA0075,S012,P005,C122,2026-02-27,4,3.16
SA0076,S009,P015,C012,2026-04-04,4,21.73
SA0077,S008,P042,C008,2026-01-08,10,4.56
SA0078,S002,P032,C114,2026-01-10,6,94.0
SA0079,S003,P018,C150,2026-03-12,4,9.59
SA0080,S005,P030,C130,2026-03-19,2,9.2
SA0081,S011,P042,C142,2026-04-03,5,4.0
SA0082,S007,P022,C117,2026-02-21,2,21.9
SA0083,S011,P017,C096,2026-01-20,4,0.78
SA0084,S002,P006,C111,2026-01-13,4,1.26
SA0085,S001,P038,C144,2026-03-13,2,19.35
SA0086,S011,P049,C109,2026-04-22,6,8.3
SA0087,S005,P023,C027,2026-03-15,3,54.09
SA0088,S002,P023,C143,2026-02-17,1,56.53
SA0089,S007,P055,C144,2026-04-09,5,8.49
SA0090,S001,P039,C069,2026-01-04,1,0.9
SA0091,S006,P023,C002,2026-01-24,5,62.21
SA0092,S003,P048,C008,2026-01-12,4,2.0
SA0093,S006,P011,C095,2026-02-09,4,2.06
SA0094,S002,P057,C014,2026-01-20,1,69.76
SA0095,S005,P029,C109,2026-03-04,3,214.37
SA0096,S009,P008,C089,2026-02-25,1,7.22
SA0097,S009,P043,C079,2026-01-06,1,20.95
SA0098,S004,P020,C055,2026-04-09,1,4.83
SA0099,S001,P032,C111,2026-01-23,1,100.8
SA0100,S009,P054,C091,2026-01-10,2,3.85
SA0101,S008,P059,C020,2026-04-21,2,6.41
SA0102,S011,P027,C075,2026-01-15,2,13.29
SA0103,S010,P030,C093,2026-01-12,2,7.33
SA0104,S007,P034,C021,2026-02-20,5,7.65
SA0105,S003,P005,C131,2026-03-23,1,3.16
SA0106,S006,P023,C038,2026-01-31,1,56.09
SA0107,S003,P049,C020,2026-01-23,8,10.11
SA0108,S010,P049,C149,2026-02-27,4,10.91
SA0109,S010,P021,C081,2026-01-20,2,10.13
SA0110,S005,P038,C015,2026-02-15,3,20.7
SA0111,S001,P024,C074,2026-01-10,3,2.73
SA0112,S010,P033,C099,2026-03-01,3,39.75
SA0113,S001,P029,C147,2026-03-25,1,228.0
SA0114,S001,P029,C027,2026-04-14,6,209.32
SA0115,S009,P042,C045,2026-01-06,1,4.01
SA0116,S009,P040,C041,2026-02-16,2,3.9
SA0117,S006,P044,C014,2026-04-12,3,87.45
SA0118,S009,P044,C099,2026-02-06,1,102.92
SA0119,S010,P056,C039,2026-02-12,1,1.33
SA0120,S005,P042,C101,2026-01-17,3,4.68
SA0121,S007,P042,C085,2026-04-15,1,4.36
SA0122,S011,P059,C135,2026-01-12,3,6.4
SA0123,S006,P020,C047,2026-01-28,2,5.7
SA0124,S003,P010,C020,2026-02-07,5,65.84
SA0125,S012,P057,C135,2026-01-05,3,75.39
SA0126,S010,P025,C040,2026-01-21,1,5.3
SA0127,S003,P047,C113,2026-01-06,2,53.28
SA0128,S008,P040,C073,2026-04-07,4,4.13
SA0129,S005,P052,C121,2026-04-26,5,12.06
SA0130,S008,P030,C073,2026-04-10,2,8.47
SA0131,S004,P052,C036,2026-04-22,1,13.18
SA0132,S009,P060,C027,2026-04-02,5,216.34
SA0133,S003,P018,C116,2026-04-26,3,11.04
SA0134,S004,P053,C116,2026-04-24,2,9.34
SA0135,S009,P024,C061,2026-02-19,10,3.88
SA0136,S012,P042,C086,2026-04-12,1,3.48
SA0137,S008,P045,C036,2026-04-08,4,19.34
SA0138,S005,P014,C039,2026-03-12,8,7.88
SA0139,S005,P016,C078,2026-01-16,1,42.96
SA0140,S008,P005,C029,2026-04-18,6,4.67
SA0141,S004,P046,C037,2026-02-07,2,56.63
SA0142,S007,P012,C022,2026-03-09,8,1.49
SA0143,S009,P051,C130,2026-03-12,1,7.9
SA0144,S006,P017,C005,2026-02-15,4,0.75
SA0145,S011,P007,C149,2026-04-05,4,78.66
SA0146,S006,P053,C045,2026-04-17,4,10.9
SA0147,S011,P012,C035,2026-01-09,4,2.36
SA0148,S004,P057,C011,2026-02-10,6,67.53
SA0149,S009,P031,C065,2026-01-05,4,62.37
SA0150,S001,P056,C085,2026-02-04,1,1.21
SA0151,S012,P029,C099,2026-02-13,8,220.23
SA0152,S009,P018,C022,2026-04-04,2,9.75
SA0153,S003,P035,C076,2026-02-11,1,3.57
SA0154,S008,P039,C110,2026-01-22,4,1.36
SA0155,S006,P040,C112,2026-02-05,3,4.6
SA0156,S011,P041,C104,2026-02-16,3,312.12
SA0157,S001,P010,C113,2026-01-05,1,69.14
SA0158,S006,P025,C146,2026-01-05,3,5.28
SA0159,S006,P029,C020,2026-03-15,1,211.0
SA0160,S005,P016,C030,2026-01-04,4,44.09
SA0161,S009,P008,C068,2026-04-10,1,6.71
SA0162,S005,P045,C126,2026-01-26,1,16.38
SA0163,S012,P029,C023,2026-04-14,4,245.17
SA0164,S006,P046,C017,2026-03-12,3,61.52
SA0165,S012,P046,C045,2026-04-12,2,49.72
SA0166,S003,P016,C127,2026-01-04,2,45.13
SA0167,S009,P009,C023,2026-01-09,2,5.18
SA0168,S009,P027,C105,2026-04-16,3,10.15
SA0169,S002,P029,C120,2026-03-29,3,193.96
SA0170,S009,P041,C047,2026-04-09,8,282.45
SA0171,S001,P054,C032,2026-03-08,1,3.18
SA0172,S012,P015,C089,2026-03-08,6,21.6
SA0173,S011,P036,C071,2026-01-17,3,130.67
SA0174,S011,P011,C149,2026-01-20,1,1.97
SA0175,S006,P054,C145,2026-01-06,5,5.46
SA0176,S010,P017,C054,2026-04-09,3,1.28
SA0177,S009,P019,C078,2026-03-03,1,150.08
SA0178,S008,P005,C016,2026-01-21,2,3.13
SA0179,S010,P010,C081,2026-04-21,4,81.33
SA0180,S007,P009,C095,2026-03-07,3,4.2
SA0181,S005,P029,C064,2026-01-19,1,205.52
SA0182,S010,P027,C064,2026-04-21,6,12.72
SA0183,S012,P021,C049,2026-04-08,1,11.88
SA0184,S005,P032,C006,2026-01-12,8,99.93
SA0185,S004,P038,C091,2026-01-07,1,22.01
SA0186,S011,P044,C121,2026-02-06,3,102.79
SA0187,S005,P047,C094,2026-04-08,2,42.98
SA0188,S009,P013,C093,2026-03-12,2,5.56
SA0189,S009,P018,C031,2026-01-17,8,9.63
SA0190,S006,P036,C094,2026-04-07,1,130.18
SA0191,S001,P003,C010,2026-01-18,4,3.17
SA0192,S003,P039,C132,2026-01-18,2,0.87
SA0193,S010,P048,C077,2026-03-17,2,2.44
SA0194,S012,P037,C077,2026-03-02,5,15.08
SA0195,S007,P038,C079,2026-04-12,6,24.71
SA0196,S010,P031,C068,2026-03-25,4,75.5
SA0197,S012,P004,C150,2026-03-03,1,13.95
SA0198,S007,P010,C063,2026-01-05,3,80.51
SA0199,S008,P021,C108,2026-01-20,2,9.26
SA0200,S010,P059,C121,2026-04-22,5,7.05
SA0201,S009,P014,C144,2026-02-11,10,7.56
SA0202,S003,P030,C137,2026-02-13,3,8.88
SA0203,S011,P042,C068,2026-03-20,2,4.7
SA0204,S005,P015,C077,2026-04-09,2,17.58
SA0205,S006,P031,C090,2026-03-13,6,75.93
SA0206,S002,P037,C140,2026-02-18,6,15.21
SA0207,S003,P019,C011,2026-02-06,8,117.89
SA0208,S011,P017,C123,2026-01-28,1,0.8
SA0209,S012,P018,C036,2026-01-14,3,10.26
SA0210,S011,P058,C136,2026-01-29,3,17.06
SA0211,S012,P031,C026,2026-03-29,4,58.2
SA0212,S003,P027,C122,2026-03-03,3,12.51
SA0213,S005,P042,C016,2026-04-27,4,4.3
SA0214,S012,P047,C010,2026-04-27,6,49.06
SA0215,S001,P054,C102,2026-04-11,3,4.07
SA0216,S005,P057,C010,2026-01-02,2,69.44
SA0217,S006,P019,C117,2026-03-24,3,136.23
SA0218,S009,P030,C070,2026-01-25,5,7.94
SA0219,S011,P017,C048,2026-01-02,4,0.86
SA0220,S004,P012,C104,2026-04-16,2,1.64
SA0221,S002,P012,C036,2026-03-03,2,1.59
SA0222,S004,P029,C069,2026-02-12,2,338.41
SA0223,S012,P016,C016,2026-03-27,1,41.34
SA0224,S009,P060,C080,2026-03-30,1,220.42
SA0225,S010,P015,C057,2026-01-18,2,19.14
SA0226,S006,P027,C141,2026-04-27,2,11.69
SA0227,S004,P049,C064,2026-03-29,4,10.89
SA0228,S008,P034,C093,2026-01-10,6,6.2
SA0229,S009,P013,C147,2026-03-10,1,5.45
SA0230,S002,P044,C053,2026-04-02,3,80.16
SA0231,S001,P030,C034,2026-03-07,2,8.57
SA0232,S011,P052,C079,2026-04-03,1,17.25
SA0233,S002,P003,C109,2026-02-14,4,2.93
SA0234,S002,P060,C121,2026-01-05,2,174.12
SA0235,S011,P047,C108,2026-02-17,10,48.48
SA0236,S007,P025,C021,2026-03-29,8,5.59
SA0237,S006,P008,C046,2026-03-10,2,6.0
SA0238,S001,P049,C006,2026-02-08,2,10.4
SA0239,S007,P053,C059,2026-02-01,2,9.79
SA0240,S012,P049,C029,2026-01-05,5,9.46
SA0241,S001,P016,C053,2026-01-09,1,37.44
SA0242,S012,P056,C013,2026-02-01,4,1.22
SA0243,S004,P049,C015,2026-01-18,3,9.05
SA0244,S012,P037,C082,2026-03-15,3,16.63
SA0245,S005,P057,C037,2026-03-26,3,65.32
SA0246,S009,P038,C045,2026-03-22,4,31.24
SA0247,S011,P043,C098,2026-04-11,3,19.26
SA0248,S005,P025,C048,2026-04-07,3,4.57
SA0249,S012,P010,C119,2026-04-28,1,73.46
SA0250,S009,P009,C100,2026-02-01,1,4.22
SA0251,S008,P055,C095,2026-01-12,3,9.06
SA0252,S007,P044,C011,2026-04-22,1,101.52
SA0253,S011,P036,C056,2026-03-03,1,142.61
SA0254,S001,P014,C049,2026-04-05,1,8.84
SA0255,S004,P045,C053,2026-02-20,6,14.95
SA0256,S007,P030,C137,2026-03-25,2,7.75
SA0257,S008,P030,C026,2026-04-13,10,8.32
SA0258,S004,P024,C081,2026-02-22,1,2.64
SA0259,S001,P017,C142,2026-04-30,3,0.84
SA0260,S004,P022,C059,2026-02-18,3,23.13
SA0261,S011,P022,C066,2026-04-08,5,29.01
SA0262,S008,P030,C044,2026-04-04,5,7.5
SA0263,S008,P012,C139,2026-03-24,8,1.75
SA0264,S002,P053,C013,2026-04-08,1,9.73
SA0265,S002,P046,C039,2026-01-02,1,53.82
SA0266,S011,P043,C124,2026-03-26,2,15.22
SA0267,S001,P002,C136,2026-04-03,2,14.66
SA0268,S011,P028,C046,2026-01-14,6,14.02
SA0269,S010,P034,C065,2026-04-15,2,7.76
SA0270,S007,P030,C145,2026-02-01,10,7.65
SA0271,S002,P042,C009,2026-01-12,2,3.93
SA0272,S011,P001,C044,2026-01-11,3,2.57
SA0273,S010,P055,C025,2026-04-25,3,6.98
SA0274,S012,P057,C146,2026-03-02,2,76.43
SA0275,S005,P058,C140,2026-03-14,3,17.88
SA0276,S001,P014,C037,2026-04-07,5,8.4
SA0277,S005,P011,C145,2026-01-31,3,2.1
SA0278,S009,P022,C099,2026-04-07,4,27.57
SA0279,S002,P033,C089,2026-01-07,1,31.64
SA0280,S010,P050,C102,2026-04-10,2,40.54
SA0281,S008,P032,C059,2026-02-15,3,95.73
SA0282,S010,P043,C098,2026-01-11,4,16.91
SA0283,S002,P006,C069,2026-01-20,2,1.43
SA0284,S007,P021,C093,2026-01-14,1,11.71
SA0285,S005,P007,C034,2026-01-12,1,87.77
SA0286,S007,P007,C007,2026-01-12,2,77.49
SA0287,S006,P056,C099,2026-01-02,2,1.21
SA0288,S009,P058,C063,2026-03-15,3,21.15
SA0289,S005,P020,C069,2026-03-05,1,4.68
SA0290,S005,P031,C020,2026-02-16,1,63.61
SA0291,S010,P040,C051,2026-02-28,1,3.93
SA0292,S006,P054,C098,2026-04-13,5,3.5
SA0293,S011,P039,C035,2026-02-08,2,0.96
SA0294,S006,P012,C102,2026-02-10,2,1.84
SA0295,S010,P051,C063,2026-02-11,2,6.08
SA0296,S002,P060,C145,2026-01-26,3,197.12
SA0297,S009,P002,C119,2026-04-01,1,10.07
SA0298,S002,P053,C105,2026-03-28,3,11.5
SA0299,S011,P010,C109,2026-04-12,2,74.35
SA0300,S010,P026,C137,2026-03-06,6,19.4
SA0301,S001,P051,C093,2026-03-31,6,5.58
SA0302,S002,P007,C064,2026-03-26,4,79.61
SA0303,S010,P042,C103,2026-04-07,2,4.49
SA0304,S002,P017,C057,2026-03-07,4,0.8
SA0305,S004,P029,C096,2026-02-20,2,233.32
SA0306,S003,P023,C007,2026-03-03,1,59.24
SA0307,S002,P054,C037,2026-02-14,2,3.52
SA0308,S008,P023,C122,2026-01-13,2,64.78
SA0309,S005,P003,C030,2026-01-03,5,3.03
SA0310,S003,P060,C063,2026-03-08,1,172.87
SA0311,S008,P015,C104,2026-03-22,1,20.31
SA0312,S001,P048,C051,2026-02-27,3,2.13
SA0313,S004,P018,C017,2026-03-15,1,11.18
SA0314,S006,P013,C118,2026-01-15,1,6.45
SA0315,S011,P021,C100,2026-03-20,2,8.96
SA0316,S008,P040,C045,2026-04-15,4,4.61
SA0317,S010,P006,C035,2026-02-10,1,1.23
SA0318,S012,P010,C131,2026-02-19,2,66.73
SA0319,S003,P032,C138,2026-03-30,6,113.66
SA0320,S003,P032,C074,2026-01-18,1,110.8
SA0321,S006,P001,C125,2026-01-18,1,2.53
SA0322,S011,P032,C105,2026-03-29,2,106.54
SA0323,S003,P006,C145,2026-01-04,5,1.8
SA0324,S005,P011,C118,2026-03-14,4,2.05
SA0325,S002,P037,C030,2026-02-04,4,17.4
SA0326,S001,P049,C113,2026-03-11,1,9.48
SA0327,S011,P049,C064,2026-02-08,6,8.24
SA0328,S002,P029,C031,2026-04-10,5,199.79
SA0329,S012,P023,C110,2026-01-22,3,66.52
SA0330,S001,P037,C090,2026-03-10,2,15.95
SA0331,S012,P019,C075,2026-03-15,2,152.32
SA0332,S011,P053,C025,2026-01-18,8,12.04
SA0333,S005,P056,C033,2026-03-31,5,1.16
SA0334,S004,P049,C101,2026-03-04,1,10.13
SA0335,S007,P029,C020,2026-03-23,5,239.7
SA0336,S012,P018,C095,2026-02-28,8,15.77
SA0337,S012,P006,C118,2026-03-23,4,1.25
SA0338,S009,P026,C056,2026-02-24,5,17.3
SA0339,S005,P022,C141,2026-03-15,1,28.08
SA0340,S011,P049,C013,2026-01-06,1,10.61
SA0341,S002,P060,C041,2026-02-26,2,225.19
SA0342,S012,P059,C034,2026-04-23,3,5.84
SA0343,S005,P006,C093,2026-02-02,1,1.38
SA0344,S001,P026,C079,2026-04-03,4,15.83
SA0345,S012,P007,C001,2026-01-28,2,78.64
SA0346,S011,P029,C003,2026-01-02,4,243.14
SA0347,S007,P045,C034,2026-03-03,1,14.14
SA0348,S002,P007,C081,2026-02-17,6,78.76
SA0349,S003,P042,C037,2026-01-09,3,3.44
SA0350,S008,P023,C055,2026-03-22,4,69.18
SA0351,S008,P056,C056,2026-01-12,6,1.11
SA0352,S012,P025,C090,2026-02-24,2,4.41
SA0353,S002,P016,C142,2026-03-18,3,45.64
SA0354,S012,P002,C078,2026-01-27,3,9.22
SA0355,S005,P042,C014,2026-04-11,6,4.7
SA0356,S002,P016,C128,2026-03-23,3,44.5
SA0357,S006,P060,C082,2026-01-17,2,215.57
SA0358,S009,P044,C045,2026-04-08,2,106.98
SA0359,S010,P005,C004,2026-02-03,1,3.58
SA0360,S007,P033,C074,2026-03-22,4,37.65
SA0361,S007,P006,C138,2026-03-10,3,1.22
SA0362,S009,P059,C053,2026-04-14,1,6.19
SA0363,S011,P044,C017,2026-02-09,4,99.28
SA0364,S001,P016,C023,2026-04-29,2,43.43
SA0365,S005,P043,C045,2026-01-16,1,26.71
SA0366,S006,P034,C133,2026-04-11,5,6.53
SA0367,S012,P050,C069,2026-04-04,6,61.9
SA0368,S005,P034,C017,2026-02-03,4,7.26
SA0369,S008,P033,C093,2026-01-08,3,35.4
SA0370,S005,P050,C027,2026-04-25,3,41.65
SA0371,S009,P001,C012,2026-04-20,5,2.41
SA0372,S007,P059,C039,2026-01-23,6,7.32
SA0373,S012,P048,C108,2026-01-29,2,2.15
SA0374,S005,P053,C020,2026-03-15,2,11.03
SA0375,S003,P015,C133,2026-01-06,8,16.71
SA0376,S005,P050,C080,2026-02-11,1,38.31
SA0377,S005,P037,C078,2026-04-05,3,15.57
SA0378,S008,P050,C051,2026-04-04,6,42.13
SA0379,S001,P060,C105,2026-01-04,1,184.59
SA0380,S001,P022,C001,2026-04-08,3,28.05
SA0381,S002,P014,C136,2026-01-31,2,8.75
SA0382,S003,P046,C072,2026-01-12,1,49.85
SA0383,S007,P045,C096,2026-02-28,8,12.72
SA0384,S003,P041,C101,2026-01-10,3,247.82
SA0385,S003,P016,C075,2026-02-03,5,50.18
SA0386,S012,P021,C082,2026-02-27,2,8.83
SA0387,S010,P007,C040,2026-01-14,1,88.27
SA0388,S009,P023,C054,2026-02-27,2,56.27
SA0389,S003,P052,C078,2026-04-16,4,13.02
SA0390,S006,P010,C024,2026-04-02,1,72.07
SA0391,S011,P020,C067,2026-04-15,10,4.45
SA0392,S008,P036,C141,2026-02-01,1,109.76
SA0393,S002,P001,C016,2026-04-17,4,2.39
SA0394,S007,P024,C022,2026-03-16,3,2.68
SA0395,S002,P013,C114,2026-04-14,1,6.53
SA0396,S006,P008,C011,2026-03-01,1,7.76
SA0397,S012,P026,C128,2026-01-04,2,16.91
SA0398,S003,P018,C072,2026-02-27,6,8.47
SA0399,S004,P042,C076,2026-03-05,2,4.16
SA0400,S005,P025,C036,2026-02-23,1,5.61
SA0401,S011,P052,C140,2026-04-12,1,12.12
SA0402,S008,P035,C125,2026-02-14,6,3.78
SA0403,S003,P002,C082,2026-03-18,1,10.36
SA0404,S001,P052,C121,2026-03-09,2,12.94
SA0405,S003,P007,C064,2026-03-26,1,90.22
SA0406,S012,P004,C057,2026-03-15,5,14.68
SA0407,S003,P012,C061,2026-03-17,2,1.87
SA0408,S010,P002,C091,2026-03-14,3,9.38
SA0409,S008,P035,C080,2026-01-23,2,3.28
SA0410,S004,P002,C135,2026-03-03,1,10.43
SA0411,S003,P022,C046,2026-04-28,5,28.2
SA0412,S003,P038,C037,2026-04-10,1,22.24
SA0413,S002,P024,C102,2026-03-17,1,2.21
SA0414,S003,P047,C112,2026-04-12,3,50.19
SA0415,S012,P036,C092,2026-01-29,4,138.83
SA0416,S012,P045,C076,2026-01-17,1,12.33
SA0417,S010,P026,C146,2026-01-05,1,16.31
SA0418,S010,P015,C145,2026-01-14,6,17.16
SA0419,S004,P023,C082,2026-01-22,3,70.03
SA0420,S011,P041,C086,2026-02-27,1,261.61
SA0421,S006,P017,C028,2026-04-03,1,0.76
SA0422,S003,P057,C106,2026-03-05,6,63.96
SA0423,S008,P051,C148,2026-03-25,4,5.02
SA0424,S001,P019,C006,2026-02-10,1,119.03
SA0425,S007,P011,C020,2026-03-12,8,2.18
SA0426,S010,P058,C124,2026-04-01,1,22.81
SA0427,S007,P011,C014,2026-01-13,2,2.18
SA0428,S009,P047,C139,2026-02-03,3,47.09
SA0429,S007,P037,C141,2026-04-18,2,20.78
SA0430,S011,P041,C123,2026-01-26,1,261.35
SA0431,S002,P031,C030,2026-02-09,4,68.65
SA0432,S005,P006,C140,2026-02-19,1,1.48
SA0433,S008,P003,C068,2026-02-26,2,2.63
SA0434,S001,P010,C025,2026-01-11,4,83.14
SA0435,S010,P015,C142,2026-01-08,5,21.43
SA0436,S009,P044,C122,2026-03-15,6,91.69
SA0437,S012,P003,C129,2026-03-15,6,3.17
SA0438,S010,P010,C031,2026-04-07,2,86.59
SA0439,S004,P052,C050,2026-01-17,1,10.88
SA0440,S004,P053,C038,2026-04-17,3,10.38
SA0441,S002,P006,C100,2026-03-13,2,1.24
SA0442,S008,P059,C004,2026-04-11,4,6.75
SA0443,S002,P027,C039,2026-01-19,3,11.86
SA0444,S002,P060,C028,2026-03-14,4,212.22
SA0445,S006,P057,C106,2026-02-03,2,66.89
SA0446,S001,P012,C071,2026-02-21,1,1.79
SA0447,S001,P026,C085,2026-03-30,1,18.7
SA0448,S006,P002,C087,2026-04-15,5,8.63
SA0449,S012,P044,C026,2026-04-22,1,86.43
SA0450,S006,P018,C107,2026-03-19,3,8.97
SA0451,S007,P048,C125,2026-04-08,3,2.11
SA0452,S003,P005,C080,2026-04-01,3,2.78
SA0453,S010,P002,C045,2026-01-25,6,8.3
SA0454,S001,P030,C013,2026-04-28,2,7.58
SA0455,S008,P033,C102,2026-03-23,6,36.68
SA0456,S008,P039,C115,2026-01-23,8,0.83
SA0457,S006,P011,C067,2026-04-06,5,2.47
SA0458,S010,P050,C055,2026-04-20,1,35.39
SA0459,S011,P027,C132,2026-01-03,5,13.3
SA0460,S008,P059,C034,2026-03-24,1,7.2
SA0461,S010,P052,C079,2026-04-02,8,13.18
SA0462,S007,P055,C090,2026-02-28,1,8.1
SA0463,S010,P026,C150,2026-01-14,1,20.13
SA0464,S006,P036,C073,2026-02-08,4,125.25
SA0465,S005,P041,C084,2026-04-21,2,303.35
SA0466,S011,P020,C049,2026-01-20,3,4.81
SA0467,S010,P026,C082,2026-03-29,1,14.66
SA0468,S005,P017,C108,2026-02-21,2,0.67
SA0469,S010,P053,C049,2026-02-13,4,10.03
SA0470,S008,P059,C092,2026-03-06,2,5.86
SA0471,S009,P012,C076,2026-01-13,2,1.87
SA0472,S009,P049,C047,2026-03-29,6,10.2
SA0473,S004,P048,C079,2026-02-23,4,2.08
SA0474,S005,P030,C031,2026-03-02,1,8.77
SA0475,S010,P005,C121,2026-04-24,1,2.76
SA0476,S009,P020,C106,2026-01-07,5,4.66
SA0477,S006,P027,C146,2026-04-25,6,11.39
SA0478,S012,P012,C021,2026-03-04,2,2.01
SA0479,S001,P001,C116,2026-02-05,1,2.86
SA0480,S003,P032,C023,2026-01-17,3,104.06
SA0481,S008,P025,C002,2026-01-05,3,5.36
SA0482,S006,P049,C136,2026-01-25,1,8.15
SA0483,S004,P045,C089,2026-02-09,1,14.15
SA0484,S003,P005,C012,2026-02-08,8,3.11
SA0485,S009,P022,C112,2026-04-24,4,22.21
SA0486,S008,P023,C049,2026-01-22,8,69.15
SA0487,S004,P015,C034,2026-01-28,4,19.99
SA0488,S006,P046,C010,2026-02-18,6,50.28
SA0489,S001,P039,C013,2026-03-26,1,1.12
SA0490,S008,P025,C032,2026-03-12,1,5.31
SA0491,S011,P041,C003,2026-02-08,2,251.44
SA0492,S010,P039,C036,2026-02-23,5,0.73
SA0493,S002,P019,C030,2026-04-11,1,123.18
SA0494,S005,P054,C134,2026-01-26,2,3.47
SA0495,S009,P032,C054,2026-03-30,6,153.77
SA0496,S002,P054,C147,2026-03-27,2,4.09
SA0497,S002,P047,C026,2026-04-26,1,46.01
SA0498,S005,P017,C119,2026-01-07,1,1.1
SA0499,S011,P021,C110,2026-04-05,1,11.4
SA0500,S001,P055,C036,2026-03-26,3,7.74
SA0501,S010,P018,C024,2026-02-17,5,8.95
SA0502,S008,P018,C099,2026-03-30,5,10.94
SA0503,S003,P008,C034,2026-03-31,4,7.89
SA0504,S002,P027,C124,2026-04-13,3,11.32
SA0505,S006,P040,C008,2026-04-21,4,4.66
SA0506,S003,P031,C125,2026-01-15,6,67.97
SA0507,S011,P021,C004,2026-04-01,5,10.32
SA0508,S012,P037,C058,2026-03-27,5,15.85
SA0509,S010,P007,C111,2026-03-26,4,88.73
SA0510,S011,P025,C039,2026-04-18,5,5.62
SA0511,S001,P042,C041,2026-03-06,5,4.56
SA0512,S002,P049,C126,2026-02-11,1,11.19
SA0513,S004,P036,C097,2026-02-21,5,108.82
SA0514,S010,P029,C023,2026-04-20,3,207.37
SA0515,S012,P042,C005,2026-01-14,2,3.48
SA0516,S002,P051,C078,2026-04-24,3,4.99
SA0517,S006,P024,C014,2026-04-15,1,2.33
SA0518,S010,P039,C122,2026-04-02,3,0.9
SA0519,S011,P015,C001,2026-02-13,2,20.27
SA0520,S009,P034,C096,2026-03-31,1,8.0
SA0521,S012,P048,C105,2026-01-14,1,1.99
SA0522,S007,P014,C118,2026-04-16,4,8.15
SA0523,S007,P003,C032,2026-04-09,6,2.85
SA0524,S009,P009,C128,2026-01-01,3,3.81
SA0525,S010,P031,C131,2026-04-10,6,62.06
SA0526,S012,P053,C033,2026-01-14,2,11.38
SA0527,S009,P057,C099,2026-02-23,10,76.25
SA0528,S005,P026,C088,2026-02-07,2,15.27
SA0529,S012,P057,C132,2026-02-08,5,68.24
SA0530,S012,P060,C142,2026-03-22,1,175.99
SA0531,S011,P023,C034,2026-04-01,3,69.94
SA0532,S012,P041,C083,2026-04-01,1,274.93
SA0533,S010,P043,C107,2026-03-28,4,20.11
SA0534,S007,P052,C004,2026-03-08,1,12.11
SA0535,S001,P013,C069,2026-04-07,4,6.68
SA0536,S003,P054,C016,2026-03-30,4,3.23
SA0537,S006,P053,C116,2026-01-14,3,11.65
SA0538,S004,P048,C144,2026-02-19,1,2.41
SA0539,S005,P045,C013,2026-04-29,2,14.3
SA0540,S011,P021,C142,2026-01-07,1,9.41
SA0541,S008,P054,C058,2026-04-27,3,3.81
SA0542,S010,P035,C051,2026-04-10,4,3.4
SA0543,S011,P005,C048,2026-01-23,4,4.38
SA0544,S005,P009,C042,2026-03-16,5,3.75
SA0545,S003,P003,C040,2026-04-29,2,2.47
SA0546,S010,P054,C078,2026-03-04,5,3.63
SA0547,S012,P021,C135,2026-01-29,8,10.31
SA0548,S003,P027,C140,2026-03-10,2,10.99
SA0549,S011,P022,C085,2026-02-16,2,28.87
SA0550,S008,P036,C003,2026-01-15,4,123.78
SA0551,S010,P059,C063,2026-01-06,4,6.18
SA0552,S002,P025,C066,2026-03-11,4,4.22
SA0553,S006,P033,C131,2026-02-27,2,32.37
SA0554,S006,P033,C022,2026-01-13,1,39.77
SA0555,S001,P041,C017,2026-01-27,4,314.33
SA0556,S007,P054,C027,2026-01-27,3,3.8
SA0557,S007,P042,C019,2026-04-06,4,3.46
SA0558,S001,P006,C019,2026-01-07,1,1.21
SA0559,S004,P059,C067,2026-02-22,2,6.84
SA0560,S001,P025,C031,2026-03-10,1,5.34
SA0561,S012,P038,C012,2026-03-31,5,21.03
SA0562,S005,P051,C078,2026-03-19,1,5.99
SA0563,S007,P053,C008,2026-03-02,1,10.02
SA0564,S009,P019,C037,2026-02-08,4,154.81
SA0565,S012,P042,C096,2026-01-02,3,4.17
SA0566,S001,P037,C101,2026-03-10,3,13.63
SA0567,S012,P058,C089,2026-01-28,2,20.89
SA0568,S003,P012,C057,2026-03-20,5,1.56
SA0569,S010,P055,C014,2026-04-19,4,9.49
SA0570,S011,P036,C019,2026-02-07,4,115.83
SA0571,S010,P032,C085,2026-02-15,1,104.77
SA0572,S010,P005,C050,2026-02-10,2,2.97
SA0573,S012,P038,C040,2026-03-14,3,24.25
SA0574,S003,P001,C081,2026-02-01,4,2.81
SA0575,S005,P054,C093,2026-01-18,4,3.38
SA0576,S008,P023,C079,2026-03-04,3,54.51
SA0577,S005,P055,C036,2026-04-25,3,7.56
SA0578,S002,P047,C020,2026-04-25,1,75.97
SA0579,S007,P050,C055,2026-04-27,1,35.84
SA0580,S009,P031,C039,2026-02-16,2,78.08
SA0581,S005,P009,C119,2026-03-06,3,4.31
SA0582,S011,P016,C043,2026-04-07,3,43.33
SA0583,S010,P043,C038,2026-04-05,4,28.54
SA0584,S004,P005,C068,2026-02-17,1,3.32
SA0585,S006,P025,C121,2026-04-28,2,4.25
SA0586,S006,P007,C134,2026-03-23,5,98.93
SA0587,S009,P037,C045,2026-02-18,3,15.06
SA0588,S002,P034,C065,2026-02-18,8,6.45
SA0589,S006,P032,C124,2026-04-24,3,99.81
SA0590,S003,P015,C020,2026-03-07,3,17.61
SA0591,S006,P039,C031,2026-03-26,1,0.92
SA0592,S008,P044,C123,2026-03-03,1,82.26
SA0593,S001,P016,C012,2026-01-17,3,39.26
SA0594,S001,P058,C147,2026-01-19,1,18.39
SA0595,S007,P039,C145,2026-03-23,1,0.9
SA0596,S005,P006,C056,2026-02-27,3,1.3
SA0597,S004,P054,C106,2026-03-18,1,3.67
SA0598,S010,P043,C131,2026-02-03,1,19.2
SA0599,S010,P038,C018,2026-01-30,2,32.74
SA0600,S009,P044,C108,2026-04-16,1,80.32
SA0601,S010,P039,C010,2026-04-23,4,0.84
SA0602,S008,P043,C034,2026-04-26,3,20.03
SA0603,S011,P042,C111,2026-03-08,2,4.59
SA0604,S007,P015,C124,2026-04-12,4,18.48
SA0605,S012,P037,C026,2026-02-24,1,15.63
SA0606,S002,P019,C140,2026-02-22,1,114.64
SA0607,S001,P037,C134,2026-01-16,3,15.11
SA0608,S006,P027,C093,2026-01-14,1,12.12
SA0609,S009,P028,C145,2026-02-16,3,16.13
SA0610,S004,P027,C142,2026-04-11,3,10.35
SA0611,S008,P017,C079,2026-03-15,2,0.84
SA0612,S011,P008,C059,2026-02-27,4,7.82
SA0613,S009,P026,C087,2026-04-13,3,18.43
SA0614,S003,P025,C002,2026-04-13,1,4.41
SA0615,S007,P006,C017,2026-02-03,1,1.88
SA0616,S007,P040,C134,2026-02-06,4,4.33
SA0617,S003,P041,C127,2026-02-26,1,321.53
SA0618,S009,P019,C050,2026-01-05,4,136.97
SA0619,S010,P011,C010,2026-02-16,1,1.58
SA0620,S005,P050,C103,2026-02-15,4,37.66
SA0621,S001,P048,C018,2026-04-28,1,2.05
SA0622,S010,P023,C089,2026-04-15,2,63.0
SA0623,S007,P037,C002,2026-02-03,1,15.78
SA0624,S009,P019,C088,2026-01-15,5,156.69
SA0625,S010,P017,C114,2026-02-18,3,0.86
SA0626,S008,P044,C118,2026-04-25,3,78.26
SA0627,S002,P025,C057,2026-03-28,4,5.47
SA0628,S006,P034,C138,2026-01-02,4,6.54
SA0629,S007,P044,C088,2026-01-10,3,82.78
SA0630,S004,P058,C147,2026-02-04,1,21.54
SA0631,S004,P032,C052,2026-01-31,4,111.79
SA0632,S004,P054,C064,2026-04-18,3,3.17
SA0633,S002,P044,C127,2026-03-20,1,103.08
SA0634,S008,P024,C081,2026-03-05,6,2.65
SA0635,S005,P032,C047,2026-04-08,6,92.65
SA0636,S010,P009,C014,2026-03-09,5,4.43
SA0637,S009,P023,C101,2026-04-21,4,54.49
SA0638,S012,P034,C118,2026-02-10,4,5.97
SA0639,S010,P007,C084,2026-02-16,3,82.31
SA0640,S004,P018,C121,2026-03-20,2,8.95
SA0641,S007,P045,C096,2026-02-16,5,13.65
SA0642,S003,P037,C059,2026-04-15,1,14.58
SA0643,S007,P055,C098,2026-01-26,1,9.41
SA0644,S001,P012,C108,2026-03-05,1,1.95
SA0645,S009,P047,C081,2026-04-11,2,46.34
SA0646,S001,P026,C026,2026-03-30,1,15.73
SA0647,S011,P007,C116,2026-04-06,2,85.23
SA0648,S005,P023,C006,2026-02-22,1,68.14
SA0649,S004,P037,C148,2026-03-25,3,14.09
SA0650,S006,P021,C131,2026-03-04,4,10.06
SA0651,S010,P019,C119,2026-03-22,8,152.78
SA0652,S006,P027,C147,2026-02-21,5,9.95
SA0653,S004,P021,C082,2026-03-25,2,9.47
SA0654,S005,P057,C114,2026-04-10,5,64.22
SA0655,S008,P027,C043,2026-01-24,5,10.15
SA0656,S005,P048,C021,2026-01-27,1,1.92
SA0657,S008,P036,C014,2026-01-04,4,126.98
SA0658,S002,P017,C040,2026-01-11,3,0.89
SA0659,S004,P048,C073,2026-02-26,3,1.94
SA0660,S001,P003,C092,2026-04-21,6,3.23
SA0661,S009,P060,C070,2026-03-12,2,223.78
SA0662,S003,P038,C117,2026-03-22,4,24.74
SA0663,S011,P041,C137,2026-02-09,6,287.03
SA0664,S002,P029,C079,2026-02-16,2,327.46
SA0665,S003,P023,C074,2026-03-02,3,64.6
SA0666,S008,P020,C003,2026-04-09,2,4.9
SA0667,S001,P036,C096,2026-01-25,2,128.47
SA0668,S003,P046,C100,2026-04-17,2,50.41
SA0669,S004,P034,C070,2026-02-06,3,7.16
SA0670,S004,P055,C018,2026-01-24,1,7.16
SA0671,S008,P018,C126,2026-01-25,2,8.85
SA0672,S001,P012,C027,2026-02-06,2,1.85
SA0673,S004,P006,C039,2026-01-02,2,1.25
SA0674,S008,P024,C119,2026-03-31,5,2.23
SA0675,S003,P004,C069,2026-04-10,2,13.57
SA0676,S005,P053,C098,2026-04-17,1,12.72
SA0677,S007,P050,C114,2026-02-01,4,32.98
SA0678,S002,P034,C054,2026-03-02,2,8.15
SA0679,S003,P041,C011,2026-04-06,8,290.71
SA0680,S011,P020,C051,2026-02-16,6,5.87
SA0681,S002,P016,C112,2026-02-11,1,48.3
SA0682,S007,P051,C063,2026-01-02,8,5.66
SA0683,S012,P039,C040,2026-02-17,4,0.77
SA0684,S011,P040,C087,2026-04-30,8,4.55
SA0685,S006,P042,C040,2026-03-31,3,3.57
SA0686,S006,P036,C089,2026-04-14,6,180.13
SA0687,S012,P009,C065,2026-04-26,1,4.76
SA0688,S009,P045,C126,2026-01-25,3,14.91
SA0689,S008,P018,C142,2026-01-21,1,8.86
SA0690,S005,P035,C094,2026-02-28,1,3.95
SA0691,S003,P057,C005,2026-03-21,5,73.21
SA0692,S012,P005,C138,2026-04-15,2,3.17
SA0693,S009,P010,C073,2026-02-11,2,71.24
SA0694,S011,P005,C012,2026-04-17,8,4.18
SA0695,S004,P007,C009,2026-03-15,3,86.03
SA0696,S010,P045,C066,2026-01-07,2,15.2
SA0697,S004,P042,C126,2026-04-29,6,3.54
SA0698,S001,P024,C143,2026-04-06,8,2.3
SA0699,S012,P004,C069,2026-03-09,1,11.53
SA0700,S004,P034,C025,2026-01-13,4,7.16
SA0701,S009,P043,C064,2026-03-14,3,16.23
SA0702,S007,P048,C028,2026-04-09,3,2.1
SA0703,S011,P028,C027,2026-01-22,5,14.14
SA0704,S011,P011,C137,2026-03-18,2,1.8
SA0705,S006,P055,C096,2026-02-22,4,8.01
SA0706,S010,P016,C145,2026-03-11,1,47.89
SA0707,S005,P024,C116,2026-02-27,8,3.29
SA0708,S001,P034,C035,2026-04-24,2,6.63
SA0709,S006,P002,C071,2026-04-28,3,9.36
SA0710,S003,P007,C010,2026-02-28,2,78.8
SA0711,S010,P016,C060,2026-02-02,5,38.27
SA0712,S004,P047,C020,2026-04-03,2,50.11
SA0713,S012,P045,C148,2026-04-15,6,15.15
SA0714,S012,P052,C148,2026-02-18,1,10.79
SA0715,S006,P057,C112,2026-02-23,6,58.94
SA0716,S012,P042,C003,2026-03-23,4,3.94
SA0717,S001,P021,C139,2026-03-14,1,10.25
SA0718,S001,P044,C101,2026-02-27,4,94.65
SA0719,S007,P019,C101,2026-01-19,1,118.05
SA0720,S001,P036,C103,2026-02-03,1,126.07
SA0721,S003,P049,C035,2026-03-03,3,9.67
SA0722,S004,P036,C135,2026-02-01,1,116.46
SA0723,S011,P060,C148,2026-01-12,1,188.81
SA0724,S004,P021,C089,2026-03-18,3,11.13
SA0725,S006,P040,C114,2026-03-21,1,3.58
SA0726,S004,P044,C096,2026-01-20,4,102.95
SA0727,S001,P016,C038,2026-04-22,5,41.07
SA0728,S002,P020,C116,2026-03-02,1,4.76
SA0729,S004,P035,C134,2026-04-07,1,3.76
SA0730,S003,P045,C005,2026-02-18,3,19.85
SA0731,S005,P013,C070,2026-01-07,2,6.61
SA0732,S011,P018,C093,2026-04-21,1,9.3
SA0733,S007,P015,C098,2026-03-07,8,16.91
SA0734,S010,P035,C023,2026-01-24,1,4.35
SA0735,S012,P002,C011,2026-02-01,6,8.61
SA0736,S012,P011,C005,2026-02-14,4,1.8
SA0737,S009,P018,C016,2026-03-22,1,9.61
SA0738,S001,P036,C072,2026-01-29,1,142.2
SA0739,S002,P047,C098,2026-03-08,8,52.24
SA0740,S004,P027,C062,2026-03-15,1,13.31
SA0741,S006,P029,C139,2026-01-17,1,194.69
SA0742,S004,P056,C036,2026-02-09,4,1.42
SA0743,S007,P059,C038,2026-03-25,6,7.45
SA0744,S009,P035,C031,2026-01-24,2,4.24
SA0745,S006,P057,C106,2026-02-22,2,72.54
SA0746,S011,P060,C071,2026-01-20,4,169.52
SA0747,S010,P040,C069,2026-03-19,3,3.83
SA0748,S011,P002,C092,2026-01-11,4,9.12
SA0749,S010,P031,C096,2026-01-24,5,69.11
SA0750,S004,P015,C009,2026-02-22,4,16.37
SA0751,S007,P015,C052,2026-04-07,1,17.39
SA0752,S008,P056,C126,2026-03-30,2,1.24
SA0753,S007,P050,C011,2026-03-19,4,37.35
SA0754,S010,P048,C147,2026-03-18,3,2.31
SA0755,S001,P034,C028,2026-02-27,2,7.95
SA0756,S004,P034,C138,2026-02-20,10,6.03
SA0757,S011,P004,C049,2026-02-07,2,15.05
SA0758,S005,P030,C043,2026-02-24,2,9.54
SA0759,S003,P030,C116,2026-01-12,4,7.35
SA0760,S012,P035,C035,2026-02-20,2,3.72
SA0761,S010,P058,C052,2026-04-23,2,18.34
SA0762,S012,P051,C042,2026-04-02,4,4.78
SA0763,S011,P024,C022,2026-03-09,4,2.54
SA0764,S010,P011,C097,2026-03-12,2,2.05
SA0765,S010,P056,C039,2026-01-21,5,1.13
SA0766,S007,P020,C080,2026-04-04,4,5.16
SA0767,S002,P058,C034,2026-01-26,1,29.43
SA0768,S008,P035,C002,2026-03-19,6,3.46
SA0769,S008,P030,C105,2026-02-26,1,8.67
SA0770,S009,P018,C143,2026-04-15,5,8.52
SA0771,S011,P023,C010,2026-01-19,5,64.19
SA0772,S005,P022,C023,2026-01-07,1,29.23
SA0773,S005,P040,C147,2026-04-11,3,4.83
SA0774,S006,P060,C010,2026-01-12,4,183.11
SA0775,S002,P049,C110,2026-04-18,3,9.06
SA0776,S012,P056,C071,2026-02-12,3,1.27
SA0777,S010,P004,C028,2026-03-15,4,13.95
SA0778,S008,P047,C074,2026-02-24,3,47.41
SA0779,S010,P023,C034,2026-03-20,3,61.29
SA0780,S008,P052,C047,2026-04-24,3,13.45
SA0781,S001,P008,C007,2026-03-01,3,5.98
SA0782,S010,P027,C106,2026-01-06,2,11.78
SA0783,S001,P041,C052,2026-03-30,2,315.88
SA0784,S009,P036,C083,2026-04-09,1,133.58
SA0785,S012,P037,C008,2026-04-17,1,14.89
SA0786,S011,P031,C122,2026-04-13,1,61.13
SA0787,S008,P058,C138,2026-04-25,2,21.78
SA0788,S012,P004,C134,2026-02-08,3,14.16
SA0789,S001,P014,C148,2026-03-29,2,8.64
SA0790,S002,P010,C072,2026-04-18,1,87.44
SA0791,S003,P037,C100,2026-01-24,3,17.61
SA0792,S012,P055,C081,2026-04-01,1,7.96
SA0793,S004,P024,C116,2026-04-17,8,2.15
SA0794,S002,P024,C010,2026-04-10,1,2.05
SA0795,S008,P058,C129,2026-01-20,1,22.69
SA0796,S009,P020,C084,2026-01-19,4,4.57
SA0797,S009,P044,C034,2026-01-27,4,91.18
SA0798,S009,P008,C002,2026-02-09,6,7.24
SA0799,S002,P022,C120,2026-04-24,1,25.37
SA0800,S005,P002,C148,2026-04-08,2,10.35
SA0043,S011,P046,C026,2026-02-26,1,76.95
SA_BAD1,S001,P999,C001,2026-04-12,2,9.99
SA_BAD2, S003 ,P004,,2026-04-13,1,13.5
